<?xml version="1.0" encoding="utf-8"?> <?xml-stylesheet type="text/xsl" href="http://www.sitecore.net/licenseviewer/license.xsl"?><signedlicense id="20200901063000"><Signature><SignedInfo xmlns="http://www.w3.org/2000/09/xmldsig#"><CanonicalizationMethod Algorithm="http://www.w3.org/TR/2001/REC-xml-c14n-20010315" /><SignatureMethod Algorithm="http://www.w3.org/2000/09/xmldsig#rsa-sha1" /><Reference URI="#SiteCore.License"><DigestMethod Algorithm="http://www.w3.org/2000/09/xmldsig#sha1" /><DigestValue>e/jTySazDgGlSYqp7kFXgTaYUMc=</DigestValue></Reference></SignedInfo><SignatureValue xmlns="http://www.w3.org/2000/09/xmldsig#">nGYx6fi068XIPWlrjjpUBh7MBcPP9AG4XAKMQ7o/2I6isw5SCnzd1gaU0GoOmk3EM28Q6494ovAqlU6aEk7Vh7wpZHRETgfvFPyrI3l5pZxK4n+HRoQ6d+/8OxzQXzi5p+LZzasaVZn+ZK8xuejRGk0edCY07RqPXIU7zS0taIU=</SignatureValue><KeyInfo xmlns="http://www.w3.org/2000/09/xmldsig#"><KeyValue><RSAKeyValue><Modulus>wRSGFs73V0JMKVVRCX9pEVmluvNojvtDvzHduZ+pX458q9THGbti8zEty6ydF7nxVFCRriONFm6w+PtcZhRT+eXMb21jzY6biII4BXdh91BmVZ96FyYROMnHS6zjfK7+oDbsVV8XWkZ11DiHa+9wySxQcc4fBd23xGYpo52p2fc=</Modulus><Exponent>AQAB</Exponent></RSAKeyValue></KeyValue></KeyInfo><Object Id="SiteCore.License" xmlns="http://www.w3.org/2000/09/xmldsig#"><license xmlns=""><id>20200901063000</id><expiration>20210830T000000</expiration><version>10</version><urls>?</urls><licensee>Ogilvyone Worldwide Pte Ltd</licensee><companyno /><purpose /><address /><countryiso /><country>Singapore</country><reseller /><resellerurl /><licenseagreement id="{41192D07-0B58-4957-BEBB-C4BEEAC3878A}" title="License Agreement"><![CDATA[Your usage rights to the Sitecore Software are as set forth in your license agreement with Sitecore.]]></licenseagreement></license></Object></Signature><Signature><SignedInfo xmlns="http://www.w3.org/2000/09/xmldsig#"><CanonicalizationMethod Algorithm="http://www.w3.org/TR/2001/REC-xml-c14n-20010315" /><SignatureMethod Algorithm="http://www.w3.org/2000/09/xmldsig#rsa-sha1" /><Reference URI="#Sitecore.JSS"><DigestMethod Algorithm="http://www.w3.org/2000/09/xmldsig#sha1" /><DigestValue>V+NaBFsUDFZjFK4cT+MDC2YP+us=</DigestValue></Reference></SignedInfo><SignatureValue xmlns="http://www.w3.org/2000/09/xmldsig#">kSt0nmIET4TVmCS9aIeZjZ1HAC/twwnHpxGSxMPBihQklPA/sKFYGRaS9p03Sy0dipoMKHv7eg47LJHt75tcwcHE1LtMvnV2zTE21BlmeJfaruSvF3yuh3Hlp2b14H1gr1PyJsazDzOh4r8HhOYaVUvPUqmiHKv7bJrkV9cqVEk=</SignatureValue><KeyInfo xmlns="http://www.w3.org/2000/09/xmldsig#"><KeyValue><RSAKeyValue><Modulus>wRSGFs73V0JMKVVRCX9pEVmluvNojvtDvzHduZ+pX458q9THGbti8zEty6ydF7nxVFCRriONFm6w+PtcZhRT+eXMb21jzY6biII4BXdh91BmVZ96FyYROMnHS6zjfK7+oDbsVV8XWkZ11DiHa+9wySxQcc4fBd23xGYpo52p2fc=</Modulus><Exponent>AQAB</Exponent></RSAKeyValue></KeyValue></KeyInfo><Object Id="Sitecore.JSS" xmlns="http://www.w3.org/2000/09/xmldsig#"><module xmlns=""><idref>20200901063000</idref><name>Sitecore.JSS</name><count>1</count><expiration>20210830T000000</expiration><version>10</version><comment /><licenseagreement>?</licenseagreement></module></Object></Signature><Signature><SignedInfo xmlns="http://www.w3.org/2000/09/xmldsig#"><CanonicalizationMethod Algorithm="http://www.w3.org/TR/2001/REC-xml-c14n-20010315" /><SignatureMethod Algorithm="http://www.w3.org/2000/09/xmldsig#rsa-sha1" /><Reference URI="#Sitecore.OMS"><DigestMethod Algorithm="http://www.w3.org/2000/09/xmldsig#sha1" /><DigestValue>fNZVcOf7L1Cxv1XetQgMQug534s=</DigestValue></Reference></SignedInfo><SignatureValue xmlns="http://www.w3.org/2000/09/xmldsig#">d0F+xHE5jPTNgcK8w7PSjwEAYNcHZem/k29PDN7sJ+XSVAjRd4RSTWDWbBcFcgDWSoO0AiP8DboOd1TXI7Nl/F1nZXVwWvn/Nw0JBM31VlYNJNk2OYJa0RNEolBcXZSXIfyZ/1LGj9FGnBr2VINCo3sWobNsJLBXurJrXXkdClQ=</SignatureValue><KeyInfo xmlns="http://www.w3.org/2000/09/xmldsig#"><KeyValue><RSAKeyValue><Modulus>wRSGFs73V0JMKVVRCX9pEVmluvNojvtDvzHduZ+pX458q9THGbti8zEty6ydF7nxVFCRriONFm6w+PtcZhRT+eXMb21jzY6biII4BXdh91BmVZ96FyYROMnHS6zjfK7+oDbsVV8XWkZ11DiHa+9wySxQcc4fBd23xGYpo52p2fc=</Modulus><Exponent>AQAB</Exponent></RSAKeyValue></KeyValue></KeyInfo><Object Id="Sitecore.OMS" xmlns="http://www.w3.org/2000/09/xmldsig#"><module xmlns=""><idref>20200901063000</idref><name>Sitecore.OMS</name><count>1</count><expiration>20210830T000000</expiration><version>10</version><comment /><licenseagreement>?</licenseagreement></module></Object></Signature><Signature><SignedInfo xmlns="http://www.w3.org/2000/09/xmldsig#"><CanonicalizationMethod Algorithm="http://www.w3.org/TR/2001/REC-xml-c14n-20010315" /><SignatureMethod Algorithm="http://www.w3.org/2000/09/xmldsig#rsa-sha1" /><Reference URI="#Sitecore.SEO"><DigestMethod Algorithm="http://www.w3.org/2000/09/xmldsig#sha1" /><DigestValue>1IAqd1b5LeSWfbWWXEBtMB2dJRs=</DigestValue></Reference></SignedInfo><SignatureValue xmlns="http://www.w3.org/2000/09/xmldsig#">if0fxECFVCtSTLjvhBs8nz1JDL4NCSjTHBUwgGpa5jl6gayWfTsYkjR5ylwW8uVxo529npkXi4VuB3MPuzodDznY6yWXZROrcCcl+HAU73Y+Ryz5tXnhRaMLoccMPNdYA5pvf3jura4mEaBOQ4/Z47OD4fUf10ZXkl2sN/r6yw0=</SignatureValue><KeyInfo xmlns="http://www.w3.org/2000/09/xmldsig#"><KeyValue><RSAKeyValue><Modulus>wRSGFs73V0JMKVVRCX9pEVmluvNojvtDvzHduZ+pX458q9THGbti8zEty6ydF7nxVFCRriONFm6w+PtcZhRT+eXMb21jzY6biII4BXdh91BmVZ96FyYROMnHS6zjfK7+oDbsVV8XWkZ11DiHa+9wySxQcc4fBd23xGYpo52p2fc=</Modulus><Exponent>AQAB</Exponent></RSAKeyValue></KeyValue></KeyInfo><Object Id="Sitecore.SEO" xmlns="http://www.w3.org/2000/09/xmldsig#"><module xmlns=""><idref>20200901063000</idref><name>Sitecore.SEO</name><count>1</count><expiration>20210830T000000</expiration><version>10</version><comment /><licenseagreement>?</licenseagreement></module></Object></Signature><Signature><SignedInfo xmlns="http://www.w3.org/2000/09/xmldsig#"><CanonicalizationMethod Algorithm="http://www.w3.org/TR/2001/REC-xml-c14n-20010315" /><SignatureMethod Algorithm="http://www.w3.org/2000/09/xmldsig#rsa-sha1" /><Reference URI="#Sitecore.SXA"><DigestMethod Algorithm="http://www.w3.org/2000/09/xmldsig#sha1" /><DigestValue>B6P5yZ1XNY+rn4Oo7tFWJidSMNE=</DigestValue></Reference></SignedInfo><SignatureValue xmlns="http://www.w3.org/2000/09/xmldsig#">Th7aKBEaVOvmWnds7VeWQTcC8Xo63I+bf2InSiC/1yi9P/iI3OAMftxuevOGJFZsbm6P2WxW8oba+nXRzlqyjyAiA/jJH8zDsn1nFB7WB93fn+KMyjNjMVVPZkp/d06RXq+nYHNa0Mq9lj/B9oamey8S84Dsp8GHOubNVYXPwZ4=</SignatureValue><KeyInfo xmlns="http://www.w3.org/2000/09/xmldsig#"><KeyValue><RSAKeyValue><Modulus>wRSGFs73V0JMKVVRCX9pEVmluvNojvtDvzHduZ+pX458q9THGbti8zEty6ydF7nxVFCRriONFm6w+PtcZhRT+eXMb21jzY6biII4BXdh91BmVZ96FyYROMnHS6zjfK7+oDbsVV8XWkZ11DiHa+9wySxQcc4fBd23xGYpo52p2fc=</Modulus><Exponent>AQAB</Exponent></RSAKeyValue></KeyValue></KeyInfo><Object Id="Sitecore.SXA" xmlns="http://www.w3.org/2000/09/xmldsig#"><module xmlns=""><idref>20200901063000</idref><name>Sitecore.SXA</name><count>1</count><expiration>20210830T000000</expiration><version>10</version><comment /><licenseagreement>?</licenseagreement></module></Object></Signature><Signature><SignedInfo xmlns="http://www.w3.org/2000/09/xmldsig#"><CanonicalizationMethod Algorithm="http://www.w3.org/TR/2001/REC-xml-c14n-20010315" /><SignatureMethod Algorithm="http://www.w3.org/2000/09/xmldsig#rsa-sha1" /><Reference URI="#Sitecore.SFMC"><DigestMethod Algorithm="http://www.w3.org/2000/09/xmldsig#sha1" /><DigestValue>GfHXvfTRz4fBsfHuzS6U5guSvUM=</DigestValue></Reference></SignedInfo><SignatureValue xmlns="http://www.w3.org/2000/09/xmldsig#">gJve0fKhC4Hhl1m0L4G9UkhoQ60iqGWpRCC+LW2daKrOf4NCFoVMVo4IsVSzE+LD1vM/JYGnAek04vmd1UUaKCzS1oGzDDIglFGxFCTdUnr9JyLw6XPwPrCuasKDFQPOE1yIjIDHHFL/beeN935ddbXc8+Y7V7ArTIt69SgHYVA=</SignatureValue><KeyInfo xmlns="http://www.w3.org/2000/09/xmldsig#"><KeyValue><RSAKeyValue><Modulus>wRSGFs73V0JMKVVRCX9pEVmluvNojvtDvzHduZ+pX458q9THGbti8zEty6ydF7nxVFCRriONFm6w+PtcZhRT+eXMb21jzY6biII4BXdh91BmVZ96FyYROMnHS6zjfK7+oDbsVV8XWkZ11DiHa+9wySxQcc4fBd23xGYpo52p2fc=</Modulus><Exponent>AQAB</Exponent></RSAKeyValue></KeyValue></KeyInfo><Object Id="Sitecore.SFMC" xmlns="http://www.w3.org/2000/09/xmldsig#"><module xmlns=""><idref>20200901063000</idref><name>Sitecore.SFMC</name><count>1</count><expiration>20210830T000000</expiration><version>10</version><comment /><licenseagreement>?</licenseagreement></module></Object></Signature><Signature><SignedInfo xmlns="http://www.w3.org/2000/09/xmldsig#"><CanonicalizationMethod Algorithm="http://www.w3.org/TR/2001/REC-xml-c14n-20010315" /><SignatureMethod Algorithm="http://www.w3.org/2000/09/xmldsig#rsa-sha1" /><Reference URI="#Sitecore.WFFM"><DigestMethod Algorithm="http://www.w3.org/2000/09/xmldsig#sha1" /><DigestValue>8cgmpEgrrKgUns2oJ76witZ5iXw=</DigestValue></Reference></SignedInfo><SignatureValue xmlns="http://www.w3.org/2000/09/xmldsig#">EGLQud+oYoZwTD+2tOlPvhzqSclhApvYAU+uLVJrI+WljcRvE/Qy+45lpBSWrwXCLnkNtE31zV50Xjw/tWV7S8K/96aJ4zbOlWI3liJ5lM28ik5wKh3gzfYlmE5+Gn2pqLT917Tj5wxp1lvIh5y6JQEACN2qy0EyWJCShtHC0P4=</SignatureValue><KeyInfo xmlns="http://www.w3.org/2000/09/xmldsig#"><KeyValue><RSAKeyValue><Modulus>wRSGFs73V0JMKVVRCX9pEVmluvNojvtDvzHduZ+pX458q9THGbti8zEty6ydF7nxVFCRriONFm6w+PtcZhRT+eXMb21jzY6biII4BXdh91BmVZ96FyYROMnHS6zjfK7+oDbsVV8XWkZ11DiHa+9wySxQcc4fBd23xGYpo52p2fc=</Modulus><Exponent>AQAB</Exponent></RSAKeyValue></KeyValue></KeyInfo><Object Id="Sitecore.WFFM" xmlns="http://www.w3.org/2000/09/xmldsig#"><module xmlns=""><idref>20200901063000</idref><name>Sitecore.WFFM</name><count>1</count><expiration>20210830T000000</expiration><version>10</version><comment /><licenseagreement>?</licenseagreement></module></Object></Signature><Signature><SignedInfo xmlns="http://www.w3.org/2000/09/xmldsig#"><CanonicalizationMethod Algorithm="http://www.w3.org/TR/2001/REC-xml-c14n-20010315" /><SignatureMethod Algorithm="http://www.w3.org/2000/09/xmldsig#rsa-sha1" /><Reference URI="#Sitecore.MSCRM"><DigestMethod Algorithm="http://www.w3.org/2000/09/xmldsig#sha1" /><DigestValue>Zmyjk8kJLQyOIJPTvBtYRqfpdEo=</DigestValue></Reference></SignedInfo><SignatureValue xmlns="http://www.w3.org/2000/09/xmldsig#">gCB5RukIOnNnFF5d6DX0TDJ8g1ONHE7Cr9/CqbGdHpSYlvAK/F6ET4i6kK7UxVYLnYRvKsUeERo66LhHNKXWBMM7qgH0iW50Qt3xUoCBEPSQpO0fZcC0h+i/O7o9TctEzzfQ+7+eteD82I4MNJv82O05nXVuP0i32JpypTI/OYI=</SignatureValue><KeyInfo xmlns="http://www.w3.org/2000/09/xmldsig#"><KeyValue><RSAKeyValue><Modulus>wRSGFs73V0JMKVVRCX9pEVmluvNojvtDvzHduZ+pX458q9THGbti8zEty6ydF7nxVFCRriONFm6w+PtcZhRT+eXMb21jzY6biII4BXdh91BmVZ96FyYROMnHS6zjfK7+oDbsVV8XWkZ11DiHa+9wySxQcc4fBd23xGYpo52p2fc=</Modulus><Exponent>AQAB</Exponent></RSAKeyValue></KeyValue></KeyInfo><Object Id="Sitecore.MSCRM" xmlns="http://www.w3.org/2000/09/xmldsig#"><module xmlns=""><idref>20200901063000</idref><name>Sitecore.MSCRM</name><count>1</count><expiration>20210830T000000</expiration><version>10</version><comment /><licenseagreement>?</licenseagreement></module></Object></Signature><Signature><SignedInfo xmlns="http://www.w3.org/2000/09/xmldsig#"><CanonicalizationMethod Algorithm="http://www.w3.org/TR/2001/REC-xml-c14n-20010315" /><SignatureMethod Algorithm="http://www.w3.org/2000/09/xmldsig#rsa-sha1" /><Reference URI="#Sitecore.Visit"><DigestMethod Algorithm="http://www.w3.org/2000/09/xmldsig#sha1" /><DigestValue>CouKJqWAr7ZH8t4tDO7Ip28CY1A=</DigestValue></Reference></SignedInfo><SignatureValue xmlns="http://www.w3.org/2000/09/xmldsig#">fpCruIbu0+ngGL9gyAds3AzVLotoeqq09VdcSTbpzG2M2RDijZ09/6OOvssiQUTeJqIwGBSVC0FgVm8ae/Dbe2Q6u8kW/5t8Z7+D51pVP6ycD/1cjIj4lE3mh96RfEp9FQ6xMnr3vsJaneCtkGIn8dUDmzZmH02QgibYfQHU8w8=</SignatureValue><KeyInfo xmlns="http://www.w3.org/2000/09/xmldsig#"><KeyValue><RSAKeyValue><Modulus>wRSGFs73V0JMKVVRCX9pEVmluvNojvtDvzHduZ+pX458q9THGbti8zEty6ydF7nxVFCRriONFm6w+PtcZhRT+eXMb21jzY6biII4BXdh91BmVZ96FyYROMnHS6zjfK7+oDbsVV8XWkZ11DiHa+9wySxQcc4fBd23xGYpo52p2fc=</Modulus><Exponent>AQAB</Exponent></RSAKeyValue></KeyValue></KeyInfo><Object Id="Sitecore.Visit" xmlns="http://www.w3.org/2000/09/xmldsig#"><module xmlns=""><idref>20200901063000</idref><name>Sitecore.Visit</name><count>1</count><expiration>20210830T000000</expiration><version>10</version><comment /><licenseagreement>?</licenseagreement></module></Object></Signature><Signature><SignedInfo xmlns="http://www.w3.org/2000/09/xmldsig#"><CanonicalizationMethod Algorithm="http://www.w3.org/TR/2001/REC-xml-c14n-20010315" /><SignatureMethod Algorithm="http://www.w3.org/2000/09/xmldsig#rsa-sha1" /><Reference URI="#Sitecore.AnyMTA"><DigestMethod Algorithm="http://www.w3.org/2000/09/xmldsig#sha1" /><DigestValue>Aqk1fc1tWKQSsniDTT6SfKZxQYk=</DigestValue></Reference></SignedInfo><SignatureValue xmlns="http://www.w3.org/2000/09/xmldsig#">ZttK+K0w/804rvfj2ZwWKlSrlPZwoRzhXM26eTJmGLaB9Hma1DiIB9yf9aJ7UUYRj3n1+lj63203AcXm+0l5rfZnzx4rTDM5rAxOr1SHxF/EcyXv5xKH0SpqMqalS/mwxMJHrxAU3WXOP1FGMveWHDWLcLT+0BUfyWD3+scQCCw=</SignatureValue><KeyInfo xmlns="http://www.w3.org/2000/09/xmldsig#"><KeyValue><RSAKeyValue><Modulus>wRSGFs73V0JMKVVRCX9pEVmluvNojvtDvzHduZ+pX458q9THGbti8zEty6ydF7nxVFCRriONFm6w+PtcZhRT+eXMb21jzY6biII4BXdh91BmVZ96FyYROMnHS6zjfK7+oDbsVV8XWkZ11DiHa+9wySxQcc4fBd23xGYpo52p2fc=</Modulus><Exponent>AQAB</Exponent></RSAKeyValue></KeyValue></KeyInfo><Object Id="Sitecore.AnyMTA" xmlns="http://www.w3.org/2000/09/xmldsig#"><module xmlns=""><idref>20200901063000</idref><name>Sitecore.AnyMTA</name><count>1</count><expiration>20210830T000000</expiration><version>10</version><comment /><licenseagreement>?</licenseagreement></module></Object></Signature><Signature><SignedInfo xmlns="http://www.w3.org/2000/09/xmldsig#"><CanonicalizationMethod Algorithm="http://www.w3.org/TR/2001/REC-xml-c14n-20010315" /><SignatureMethod Algorithm="http://www.w3.org/2000/09/xmldsig#rsa-sha1" /><Reference URI="#Sitecore.Domain"><DigestMethod Algorithm="http://www.w3.org/2000/09/xmldsig#sha1" /><DigestValue>vLKAksRqu4B4voOR0u0yHDIwxUU=</DigestValue></Reference></SignedInfo><SignatureValue xmlns="http://www.w3.org/2000/09/xmldsig#">pCblaWc3fuQOohAVkQVds9qy3Fb0mo7MSMLaRCTRvIbe5JLnVx+uKQVe8trUYdRL/OCpwwFAz1gLKdQPe2x64MkLB7bwhNTk0V1BoNpFGPnP5Zf9uywPMgRuAktNxlLiiz61gN9eIbqd8aGjUfmppZBACZpOBfB152E7hvZdk70=</SignatureValue><KeyInfo xmlns="http://www.w3.org/2000/09/xmldsig#"><KeyValue><RSAKeyValue><Modulus>wRSGFs73V0JMKVVRCX9pEVmluvNojvtDvzHduZ+pX458q9THGbti8zEty6ydF7nxVFCRriONFm6w+PtcZhRT+eXMb21jzY6biII4BXdh91BmVZ96FyYROMnHS6zjfK7+oDbsVV8XWkZ11DiHa+9wySxQcc4fBd23xGYpo52p2fc=</Modulus><Exponent>AQAB</Exponent></RSAKeyValue></KeyValue></KeyInfo><Object Id="Sitecore.Domain" xmlns="http://www.w3.org/2000/09/xmldsig#"><module xmlns=""><idref>20200901063000</idref><name>Sitecore.Domain</name><count>10000</count><expiration>20210830T000000</expiration><version>10</version><comment /><licenseagreement>?</licenseagreement></module></Object></Signature><Signature><SignedInfo xmlns="http://www.w3.org/2000/09/xmldsig#"><CanonicalizationMethod Algorithm="http://www.w3.org/TR/2001/REC-xml-c14n-20010315" /><SignatureMethod Algorithm="http://www.w3.org/2000/09/xmldsig#rsa-sha1" /><Reference URI="#Sitecore.Oracle"><DigestMethod Algorithm="http://www.w3.org/2000/09/xmldsig#sha1" /><DigestValue>FURyjqafL+mdwQMEqfsQGOXZwzU=</DigestValue></Reference></SignedInfo><SignatureValue xmlns="http://www.w3.org/2000/09/xmldsig#">B5U/iMvzzIN9jGyHrUDfGri2cXoxQfcs2ugwlu4lL5RIMxLMiLTclTKnuByBDiG6Sudmr5e3ZUnIitj6oXjNjxq1d6umwtAnxDkvOfyzgUofKvaC0+pMqoo4qHDH97sOUerXJsbh4ECWS8nfUuRAPaz+prGvHN4ecB4EcjTxLCQ=</SignatureValue><KeyInfo xmlns="http://www.w3.org/2000/09/xmldsig#"><KeyValue><RSAKeyValue><Modulus>wRSGFs73V0JMKVVRCX9pEVmluvNojvtDvzHduZ+pX458q9THGbti8zEty6ydF7nxVFCRriONFm6w+PtcZhRT+eXMb21jzY6biII4BXdh91BmVZ96FyYROMnHS6zjfK7+oDbsVV8XWkZ11DiHa+9wySxQcc4fBd23xGYpo52p2fc=</Modulus><Exponent>AQAB</Exponent></RSAKeyValue></KeyValue></KeyInfo><Object Id="Sitecore.Oracle" xmlns="http://www.w3.org/2000/09/xmldsig#"><module xmlns=""><idref>20200901063000</idref><name>Sitecore.Oracle</name><count>1</count><expiration>20210830T000000</expiration><version>10</version><comment /><licenseagreement>?</licenseagreement></module></Object></Signature><Signature><SignedInfo xmlns="http://www.w3.org/2000/09/xmldsig#"><CanonicalizationMethod Algorithm="http://www.w3.org/TR/2001/REC-xml-c14n-20010315" /><SignatureMethod Algorithm="http://www.w3.org/2000/09/xmldsig#rsa-sha1" /><Reference URI="#Sitecore.MSS.SMS"><DigestMethod Algorithm="http://www.w3.org/2000/09/xmldsig#sha1" /><DigestValue>AAYTU8aSa0/UQU1tL8Z2kA91gqg=</DigestValue></Reference></SignedInfo><SignatureValue xmlns="http://www.w3.org/2000/09/xmldsig#">AYnphi8gkSVDNl09X5v///uY8/KdoI+OoSodo1CpkRpPEqcduCU3MMog/Z/C1HHe5P8OMngimtOlZpHsRqyBdnpLR/vs5AjT0kELUMFXFIw/fUOn1r7p6EBAUVUk4LO5E//K8RLPTIoWvjm6gfW1n/JU2IkKHSN141rwUOCRe1Q=</SignatureValue><KeyInfo xmlns="http://www.w3.org/2000/09/xmldsig#"><KeyValue><RSAKeyValue><Modulus>wRSGFs73V0JMKVVRCX9pEVmluvNojvtDvzHduZ+pX458q9THGbti8zEty6ydF7nxVFCRriONFm6w+PtcZhRT+eXMb21jzY6biII4BXdh91BmVZ96FyYROMnHS6zjfK7+oDbsVV8XWkZ11DiHa+9wySxQcc4fBd23xGYpo52p2fc=</Modulus><Exponent>AQAB</Exponent></RSAKeyValue></KeyValue></KeyInfo><Object Id="Sitecore.MSS.SMS" xmlns="http://www.w3.org/2000/09/xmldsig#"><module xmlns=""><idref>20200901063000</idref><name>Sitecore.MSS.SMS</name><count>1</count><expiration>20210830T000000</expiration><version>10</version><comment /><licenseagreement>?</licenseagreement></module></Object></Signature><Signature><SignedInfo xmlns="http://www.w3.org/2000/09/xmldsig#"><CanonicalizationMethod Algorithm="http://www.w3.org/TR/2001/REC-xml-c14n-20010315" /><SignatureMethod Algorithm="http://www.w3.org/2000/09/xmldsig#rsa-sha1" /><Reference URI="#SiteCore.Runtime"><DigestMethod Algorithm="http://www.w3.org/2000/09/xmldsig#sha1" /><DigestValue>8O+o0eDhtzxy22eCm8BOl9jiceA=</DigestValue></Reference></SignedInfo><SignatureValue xmlns="http://www.w3.org/2000/09/xmldsig#">pqaoSLF5AES6QNk/cmCiwYm+M115BBAu3rRiYXIvuwjcYyyBQQ6oL2hnEdIDoTIIdgTwBxV9IWHMu6VahsxlzZH8LJ9fYOsRLpGjuCPEjws8RLmSNjgL9KL/4hpLTgpLGQaxigXHWhXoIruXpak8Oxx+Z7XhDfuvbd51zyILu5c=</SignatureValue><KeyInfo xmlns="http://www.w3.org/2000/09/xmldsig#"><KeyValue><RSAKeyValue><Modulus>wRSGFs73V0JMKVVRCX9pEVmluvNojvtDvzHduZ+pX458q9THGbti8zEty6ydF7nxVFCRriONFm6w+PtcZhRT+eXMb21jzY6biII4BXdh91BmVZ96FyYROMnHS6zjfK7+oDbsVV8XWkZ11DiHa+9wySxQcc4fBd23xGYpo52p2fc=</Modulus><Exponent>AQAB</Exponent></RSAKeyValue></KeyValue></KeyInfo><Object Id="SiteCore.Runtime" xmlns="http://www.w3.org/2000/09/xmldsig#"><module xmlns=""><idref>20200901063000</idref><name>SiteCore.Runtime</name><count>1</count><expiration>20210830T000000</expiration><version>10</version><comment /><licenseagreement>?</licenseagreement></module></Object></Signature><Signature><SignedInfo xmlns="http://www.w3.org/2000/09/xmldsig#"><CanonicalizationMethod Algorithm="http://www.w3.org/TR/2001/REC-xml-c14n-20010315" /><SignatureMethod Algorithm="http://www.w3.org/2000/09/xmldsig#rsa-sha1" /><Reference URI="#Sitecore.Calendar"><DigestMethod Algorithm="http://www.w3.org/2000/09/xmldsig#sha1" /><DigestValue>2ijGAAJdQysFdUSiyFqiFVaQJe0=</DigestValue></Reference></SignedInfo><SignatureValue xmlns="http://www.w3.org/2000/09/xmldsig#">VfVMgjyLDZDmnNsqW0H9Bmyx5KxljbGIjK+TCoPHSzzJbHZKLbK3b8BwQ7lumSBZXK597XocR78PBwrk3aPFvcwm0XSknpEUzm98fUTV83x0NCAqpXc6Zj04DS+xs8yfPr2cFAtuo64BDFNrizNR96eTJ95pOPX8p+TMXYkf+KI=</SignatureValue><KeyInfo xmlns="http://www.w3.org/2000/09/xmldsig#"><KeyValue><RSAKeyValue><Modulus>wRSGFs73V0JMKVVRCX9pEVmluvNojvtDvzHduZ+pX458q9THGbti8zEty6ydF7nxVFCRriONFm6w+PtcZhRT+eXMb21jzY6biII4BXdh91BmVZ96FyYROMnHS6zjfK7+oDbsVV8XWkZ11DiHa+9wySxQcc4fBd23xGYpo52p2fc=</Modulus><Exponent>AQAB</Exponent></RSAKeyValue></KeyValue></KeyInfo><Object Id="Sitecore.Calendar" xmlns="http://www.w3.org/2000/09/xmldsig#"><module xmlns=""><idref>20200901063000</idref><name>Sitecore.Calendar</name><count>1</count><expiration>20210830T000000</expiration><version>10</version><comment /><licenseagreement>?</licenseagreement></module></Object></Signature><Signature><SignedInfo xmlns="http://www.w3.org/2000/09/xmldsig#"><CanonicalizationMethod Algorithm="http://www.w3.org/TR/2001/REC-xml-c14n-20010315" /><SignatureMethod Algorithm="http://www.w3.org/2000/09/xmldsig#rsa-sha1" /><Reference URI="#SiteCore.dtSearch"><DigestMethod Algorithm="http://www.w3.org/2000/09/xmldsig#sha1" /><DigestValue>byxmjvGxkxiDi/+cPTKOhaX1qY4=</DigestValue></Reference></SignedInfo><SignatureValue xmlns="http://www.w3.org/2000/09/xmldsig#">O/8fTZvNCUhFHSbdRLv5QfP/80uCpOBBjyAOPTOOwdT17Yty4PuHD4mbIIgaj0xpmnObXwPMkuwdAunaYGZX8t9JTaKbRnmcElvbXY+wsdHNLXv0jd9mZij/0BWWLpJlkHUyy6KKMGFPU2mbM0XYVvAghUCfASeezeJf+3N0vvg=</SignatureValue><KeyInfo xmlns="http://www.w3.org/2000/09/xmldsig#"><KeyValue><RSAKeyValue><Modulus>wRSGFs73V0JMKVVRCX9pEVmluvNojvtDvzHduZ+pX458q9THGbti8zEty6ydF7nxVFCRriONFm6w+PtcZhRT+eXMb21jzY6biII4BXdh91BmVZ96FyYROMnHS6zjfK7+oDbsVV8XWkZ11DiHa+9wySxQcc4fBd23xGYpo52p2fc=</Modulus><Exponent>AQAB</Exponent></RSAKeyValue></KeyValue></KeyInfo><Object Id="SiteCore.dtSearch" xmlns="http://www.w3.org/2000/09/xmldsig#"><module xmlns=""><idref>20200901063000</idref><name>SiteCore.dtSearch</name><count>1</count><expiration>20210830T000000</expiration><version>10</version><comment /><licenseagreement>?</licenseagreement></module></Object></Signature><Signature><SignedInfo xmlns="http://www.w3.org/2000/09/xmldsig#"><CanonicalizationMethod Algorithm="http://www.w3.org/TR/2001/REC-xml-c14n-20010315" /><SignatureMethod Algorithm="http://www.w3.org/2000/09/xmldsig#rsa-sha1" /><Reference URI="#Sitecore.Intranet"><DigestMethod Algorithm="http://www.w3.org/2000/09/xmldsig#sha1" /><DigestValue>zsL6waMkKLrkFchYF58mn+lr1m4=</DigestValue></Reference></SignedInfo><SignatureValue xmlns="http://www.w3.org/2000/09/xmldsig#">kIWDu2lesJ2DlAninFODi/alQYBEMeqirn4d/BEN8IYcgb624RUWKjBxkawMsvVjV2gUggeFuEvEmVZRgOteAEo8v5afFjOoI/zm5CwdnFpRi/Y531IDY4MuaCSgBocXDL4UH/n++bjaJLFigjKteeqMsjjTGz+es9cwG9n7278=</SignatureValue><KeyInfo xmlns="http://www.w3.org/2000/09/xmldsig#"><KeyValue><RSAKeyValue><Modulus>wRSGFs73V0JMKVVRCX9pEVmluvNojvtDvzHduZ+pX458q9THGbti8zEty6ydF7nxVFCRriONFm6w+PtcZhRT+eXMb21jzY6biII4BXdh91BmVZ96FyYROMnHS6zjfK7+oDbsVV8XWkZ11DiHa+9wySxQcc4fBd23xGYpo52p2fc=</Modulus><Exponent>AQAB</Exponent></RSAKeyValue></KeyValue></KeyInfo><Object Id="Sitecore.Intranet" xmlns="http://www.w3.org/2000/09/xmldsig#"><module xmlns=""><idref>20200901063000</idref><name>Sitecore.Intranet</name><count>1</count><expiration>20210830T000000</expiration><version>10</version><comment /><licenseagreement>?</licenseagreement></module></Object></Signature><Signature><SignedInfo xmlns="http://www.w3.org/2000/09/xmldsig#"><CanonicalizationMethod Algorithm="http://www.w3.org/TR/2001/REC-xml-c14n-20010315" /><SignatureMethod Algorithm="http://www.w3.org/2000/09/xmldsig#rsa-sha1" /><Reference URI="#Sitecore.MSS.News"><DigestMethod Algorithm="http://www.w3.org/2000/09/xmldsig#sha1" /><DigestValue>WAcbdyNxNZSrwaWiuOhkIIbp07o=</DigestValue></Reference></SignedInfo><SignatureValue xmlns="http://www.w3.org/2000/09/xmldsig#">rgqBCWe3x90US7zZXXaBciHKXv7+oJD4SxkfMNO+CqyUyEWTEFdDUJ6VB7LFz7oxmS2K/uHgBz8+pg2sSOuTtKYDAPjuW3NPPuaCsa8+0b1tN6zyKBKzs1RZmp0lF8Fxi+2DE28HXQ4tMWia/93fYFrqMENGvw74trAc19pSbgs=</SignatureValue><KeyInfo xmlns="http://www.w3.org/2000/09/xmldsig#"><KeyValue><RSAKeyValue><Modulus>wRSGFs73V0JMKVVRCX9pEVmluvNojvtDvzHduZ+pX458q9THGbti8zEty6ydF7nxVFCRriONFm6w+PtcZhRT+eXMb21jzY6biII4BXdh91BmVZ96FyYROMnHS6zjfK7+oDbsVV8XWkZ11DiHa+9wySxQcc4fBd23xGYpo52p2fc=</Modulus><Exponent>AQAB</Exponent></RSAKeyValue></KeyValue></KeyInfo><Object Id="Sitecore.MSS.News" xmlns="http://www.w3.org/2000/09/xmldsig#"><module xmlns=""><idref>20200901063000</idref><name>Sitecore.MSS.News</name><count>1</count><expiration>20210830T000000</expiration><version>10</version><comment /><licenseagreement>?</licenseagreement></module></Object></Signature><Signature><SignedInfo xmlns="http://www.w3.org/2000/09/xmldsig#"><CanonicalizationMethod Algorithm="http://www.w3.org/TR/2001/REC-xml-c14n-20010315" /><SignatureMethod Algorithm="http://www.w3.org/2000/09/xmldsig#rsa-sha1" /><Reference URI="#Sitecore.SiteUser"><DigestMethod Algorithm="http://www.w3.org/2000/09/xmldsig#sha1" /><DigestValue>xozwz4T2gVc9mqKvYFlGaMRSq3s=</DigestValue></Reference></SignedInfo><SignatureValue xmlns="http://www.w3.org/2000/09/xmldsig#">mG4amYnF0ae3YdFCkKIA5RP6x5XilobjRi0pxgx3gpJusJ4P35s3t7dccuYHq6e0XP6ebBdfU1BBQJwGeqSm2K5GHr0pkq0ObJttSAFdzDkioMullKBIoFnvEQ3Z8oLnViyTvnWNeBpiBHOuVO6pBS8HO8nJjg+rLWUGixegTuM=</SignatureValue><KeyInfo xmlns="http://www.w3.org/2000/09/xmldsig#"><KeyValue><RSAKeyValue><Modulus>wRSGFs73V0JMKVVRCX9pEVmluvNojvtDvzHduZ+pX458q9THGbti8zEty6ydF7nxVFCRriONFm6w+PtcZhRT+eXMb21jzY6biII4BXdh91BmVZ96FyYROMnHS6zjfK7+oDbsVV8XWkZ11DiHa+9wySxQcc4fBd23xGYpo52p2fc=</Modulus><Exponent>AQAB</Exponent></RSAKeyValue></KeyValue></KeyInfo><Object Id="Sitecore.SiteUser" xmlns="http://www.w3.org/2000/09/xmldsig#"><module xmlns=""><idref>20200901063000</idref><name>Sitecore.SiteUser</name><count>1000</count><expiration>20210830T000000</expiration><version>10</version><comment /><licenseagreement>?</licenseagreement></module></Object></Signature><Signature><SignedInfo xmlns="http://www.w3.org/2000/09/xmldsig#"><CanonicalizationMethod Algorithm="http://www.w3.org/TR/2001/REC-xml-c14n-20010315" /><SignatureMethod Algorithm="http://www.w3.org/2000/09/xmldsig#rsa-sha1" /><Reference URI="#Sitecore.xDB.Base"><DigestMethod Algorithm="http://www.w3.org/2000/09/xmldsig#sha1" /><DigestValue>sScouiMIgNyaJnLKkXkGbU+2I6M=</DigestValue></Reference></SignedInfo><SignatureValue xmlns="http://www.w3.org/2000/09/xmldsig#">XgV5mxju7LXvR2St0PxujU339+JnQmBZNiuaEFZzEkh//grwD/mMf159aMztjuqic/EMALqbFqzA//xt4E9sdiQfTzEEYt6bVft2/2lik1hS6uRyZyxx5EzdTbErRWbkgtCeMPwsD3PnddY1KuMviZf3Qa0pG7UJkFt+mh2vxQE=</SignatureValue><KeyInfo xmlns="http://www.w3.org/2000/09/xmldsig#"><KeyValue><RSAKeyValue><Modulus>wRSGFs73V0JMKVVRCX9pEVmluvNojvtDvzHduZ+pX458q9THGbti8zEty6ydF7nxVFCRriONFm6w+PtcZhRT+eXMb21jzY6biII4BXdh91BmVZ96FyYROMnHS6zjfK7+oDbsVV8XWkZ11DiHa+9wySxQcc4fBd23xGYpo52p2fc=</Modulus><Exponent>AQAB</Exponent></RSAKeyValue></KeyValue></KeyInfo><Object Id="Sitecore.xDB.Base" xmlns="http://www.w3.org/2000/09/xmldsig#"><module xmlns=""><idref>20200901063000</idref><name>Sitecore.xDB.Base</name><count>1</count><expiration>20210830T000000</expiration><version>10</version><comment /><licenseagreement>?</licenseagreement></module></Object></Signature><Signature><SignedInfo xmlns="http://www.w3.org/2000/09/xmldsig#"><CanonicalizationMethod Algorithm="http://www.w3.org/TR/2001/REC-xml-c14n-20010315" /><SignatureMethod Algorithm="http://www.w3.org/2000/09/xmldsig#rsa-sha1" /><Reference URI="#SiteCore.Developer"><DigestMethod Algorithm="http://www.w3.org/2000/09/xmldsig#sha1" /><DigestValue>JR8yu45SpzStx+jMrVccleK9TTo=</DigestValue></Reference></SignedInfo><SignatureValue xmlns="http://www.w3.org/2000/09/xmldsig#">lcKA/xlYWMY7vR7vXFG+YRyt0RwzRb4cpmPsX+bqZZJCDwpOwaQrt498t6269IeY6Di5veMxPaRPEJehOM0zh3/XLa6Ob+ENjySFI8ati1rBmS/I6RxW0rJut6qOll49fCkq7K4kcmuFCKz5BwjeODBbS6X1bOgcUwGPhvW/Vso=</SignatureValue><KeyInfo xmlns="http://www.w3.org/2000/09/xmldsig#"><KeyValue><RSAKeyValue><Modulus>wRSGFs73V0JMKVVRCX9pEVmluvNojvtDvzHduZ+pX458q9THGbti8zEty6ydF7nxVFCRriONFm6w+PtcZhRT+eXMb21jzY6biII4BXdh91BmVZ96FyYROMnHS6zjfK7+oDbsVV8XWkZ11DiHa+9wySxQcc4fBd23xGYpo52p2fc=</Modulus><Exponent>AQAB</Exponent></RSAKeyValue></KeyValue></KeyInfo><Object Id="SiteCore.Developer" xmlns="http://www.w3.org/2000/09/xmldsig#"><module xmlns=""><idref>20200901063000</idref><name>SiteCore.Developer</name><count>10000</count><expiration>20210830T000000</expiration><version>10</version><comment /><licenseagreement>?</licenseagreement></module></Object></Signature><Signature><SignedInfo xmlns="http://www.w3.org/2000/09/xmldsig#"><CanonicalizationMethod Algorithm="http://www.w3.org/TR/2001/REC-xml-c14n-20010315" /><SignatureMethod Algorithm="http://www.w3.org/2000/09/xmldsig#rsa-sha1" /><Reference URI="#Sitecore.Ecommerce"><DigestMethod Algorithm="http://www.w3.org/2000/09/xmldsig#sha1" /><DigestValue>2R0pNNY7SkwFTrRjwBJbaaZibfs=</DigestValue></Reference></SignedInfo><SignatureValue xmlns="http://www.w3.org/2000/09/xmldsig#">AfszoSvASkWMG0glUs2lstu2Rb+kesIYpn+zMm0/w9As+X0iNoA1h3e9INi1uBfCvvgmNYEE/Jrkd7R3tA0MwTPBqSEYeKiwyT8mdq6Ig1gkfC6GDgS0DG73dJJStrYIxUF3SE5qYf8fFZ9T0gJorCB1+68IpwVYAHLGUrEdBbI=</SignatureValue><KeyInfo xmlns="http://www.w3.org/2000/09/xmldsig#"><KeyValue><RSAKeyValue><Modulus>wRSGFs73V0JMKVVRCX9pEVmluvNojvtDvzHduZ+pX458q9THGbti8zEty6ydF7nxVFCRriONFm6w+PtcZhRT+eXMb21jzY6biII4BXdh91BmVZ96FyYROMnHS6zjfK7+oDbsVV8XWkZ11DiHa+9wySxQcc4fBd23xGYpo52p2fc=</Modulus><Exponent>AQAB</Exponent></RSAKeyValue></KeyValue></KeyInfo><Object Id="Sitecore.Ecommerce" xmlns="http://www.w3.org/2000/09/xmldsig#"><module xmlns=""><idref>20200901063000</idref><name>Sitecore.Ecommerce</name><count>1</count><expiration>20210830T000000</expiration><version>10</version><comment /><licenseagreement>?</licenseagreement></module></Object></Signature><Signature><SignedInfo xmlns="http://www.w3.org/2000/09/xmldsig#"><CanonicalizationMethod Algorithm="http://www.w3.org/TR/2001/REC-xml-c14n-20010315" /><SignatureMethod Algorithm="http://www.w3.org/2000/09/xmldsig#rsa-sha1" /><Reference URI="#Sitecore.MSS.Sites"><DigestMethod Algorithm="http://www.w3.org/2000/09/xmldsig#sha1" /><DigestValue>Mb9goG/obAcpn1W/rLflMhstAE0=</DigestValue></Reference></SignedInfo><SignatureValue xmlns="http://www.w3.org/2000/09/xmldsig#">Dxk9m7rOq1nxCvQSxVmokTQRriGlM5D2L8Qp+rhXZY/mOgoCool/d3YQe/nepMzplh9YRC9c9mfxf3/Ctf6Rh4cNw6Jh+BaJT23rAdKC6YoByAq8FIz9gu01voIgWGOg3soxghJTWBSxazIC2YCfI6g/Bq1NAQkLUqAdfRdLtRA=</SignatureValue><KeyInfo xmlns="http://www.w3.org/2000/09/xmldsig#"><KeyValue><RSAKeyValue><Modulus>wRSGFs73V0JMKVVRCX9pEVmluvNojvtDvzHduZ+pX458q9THGbti8zEty6ydF7nxVFCRriONFm6w+PtcZhRT+eXMb21jzY6biII4BXdh91BmVZ96FyYROMnHS6zjfK7+oDbsVV8XWkZ11DiHa+9wySxQcc4fBd23xGYpo52p2fc=</Modulus><Exponent>AQAB</Exponent></RSAKeyValue></KeyValue></KeyInfo><Object Id="Sitecore.MSS.Sites" xmlns="http://www.w3.org/2000/09/xmldsig#"><module xmlns=""><idref>20200901063000</idref><name>Sitecore.MSS.Sites</name><count>10000</count><expiration>20210830T000000</expiration><version>10</version><comment /><licenseagreement>?</licenseagreement></module></Object></Signature><Signature><SignedInfo xmlns="http://www.w3.org/2000/09/xmldsig#"><CanonicalizationMethod Algorithm="http://www.w3.org/TR/2001/REC-xml-c14n-20010315" /><SignatureMethod Algorithm="http://www.w3.org/2000/09/xmldsig#rsa-sha1" /><Reference URI="#Sitecore.Automation"><DigestMethod Algorithm="http://www.w3.org/2000/09/xmldsig#sha1" /><DigestValue>UH2FdGOQi9waUY+sw1CEpRWp/ww=</DigestValue></Reference></SignedInfo><SignatureValue xmlns="http://www.w3.org/2000/09/xmldsig#">Ep+bXK0i7KTCuoVyP1frapywiPsk7tJi98LiL9E6MNb5JC+L9BsGLzYzENKMbQ1EPw7V/ecJfZZfFaGLhzMw137hp7HLXoqSODpHBKg7FbppOfE49KIfhJcugKO7D7SWpkAahZjzcu3RIvdxW46BXRG0PHSkj24LIA/9S9ZRKJg=</SignatureValue><KeyInfo xmlns="http://www.w3.org/2000/09/xmldsig#"><KeyValue><RSAKeyValue><Modulus>wRSGFs73V0JMKVVRCX9pEVmluvNojvtDvzHduZ+pX458q9THGbti8zEty6ydF7nxVFCRriONFm6w+PtcZhRT+eXMb21jzY6biII4BXdh91BmVZ96FyYROMnHS6zjfK7+oDbsVV8XWkZ11DiHa+9wySxQcc4fBd23xGYpo52p2fc=</Modulus><Exponent>AQAB</Exponent></RSAKeyValue></KeyValue></KeyInfo><Object Id="Sitecore.Automation" xmlns="http://www.w3.org/2000/09/xmldsig#"><module xmlns=""><idref>20200901063000</idref><name>Sitecore.Automation</name><count>1</count><expiration>20210830T000000</expiration><version>10</version><comment /><licenseagreement>?</licenseagreement></module></Object></Signature><Signature><SignedInfo xmlns="http://www.w3.org/2000/09/xmldsig#"><CanonicalizationMethod Algorithm="http://www.w3.org/TR/2001/REC-xml-c14n-20010315" /><SignatureMethod Algorithm="http://www.w3.org/2000/09/xmldsig#rsa-sha1" /><Reference URI="#SiteCore.EditorUser"><DigestMethod Algorithm="http://www.w3.org/2000/09/xmldsig#sha1" /><DigestValue>a7cMjui/LO7SEuxvn7C1Afcdr5s=</DigestValue></Reference></SignedInfo><SignatureValue xmlns="http://www.w3.org/2000/09/xmldsig#">X1FrBnUYNveQ9xGRTaxzAb9JoBSndQ6sr0ryZjfMxoohz7BQco+NogZSHWZFycU4oMKsXPEQHUIQYpHbJNm99i37FiIMHUpvCIhAB6O9UA2OH2shz8l5DUmYf5fN1LqfulA+yXatStb0mAnI6wAelHc+fOkb2EEEVrGtS8Arvt4=</SignatureValue><KeyInfo xmlns="http://www.w3.org/2000/09/xmldsig#"><KeyValue><RSAKeyValue><Modulus>wRSGFs73V0JMKVVRCX9pEVmluvNojvtDvzHduZ+pX458q9THGbti8zEty6ydF7nxVFCRriONFm6w+PtcZhRT+eXMb21jzY6biII4BXdh91BmVZ96FyYROMnHS6zjfK7+oDbsVV8XWkZ11DiHa+9wySxQcc4fBd23xGYpo52p2fc=</Modulus><Exponent>AQAB</Exponent></RSAKeyValue></KeyValue></KeyInfo><Object Id="SiteCore.EditorUser" xmlns="http://www.w3.org/2000/09/xmldsig#"><module xmlns=""><idref>20200901063000</idref><name>SiteCore.EditorUser</name><count>10000</count><expiration>20210830T000000</expiration><version>10</version><comment /><licenseagreement>?</licenseagreement></module></Object></Signature><Signature><SignedInfo xmlns="http://www.w3.org/2000/09/xmldsig#"><CanonicalizationMethod Algorithm="http://www.w3.org/TR/2001/REC-xml-c14n-20010315" /><SignatureMethod Algorithm="http://www.w3.org/2000/09/xmldsig#rsa-sha1" /><Reference URI="#Sitecore.Print.User"><DigestMethod Algorithm="http://www.w3.org/2000/09/xmldsig#sha1" /><DigestValue>fJJfzJ6goyAUR3dw1ptw7g7MiJ0=</DigestValue></Reference></SignedInfo><SignatureValue xmlns="http://www.w3.org/2000/09/xmldsig#">DKzwxi5cuGSOL2QrAxGxA1rAVIB4RlP3jou8fLp9Bwwrz1o38jgs6ONH8Z22M0KJkWaW4C1HliA3aphVb2ZTeL1NOEX80MqoWWroAtybZUA2UpAVcFKNkrHgNjkfv+u9wGXufJjVf4ZliWxx25FdE/rlMqIuwg1d6hjI38VOeUw=</SignatureValue><KeyInfo xmlns="http://www.w3.org/2000/09/xmldsig#"><KeyValue><RSAKeyValue><Modulus>wRSGFs73V0JMKVVRCX9pEVmluvNojvtDvzHduZ+pX458q9THGbti8zEty6ydF7nxVFCRriONFm6w+PtcZhRT+eXMb21jzY6biII4BXdh91BmVZ96FyYROMnHS6zjfK7+oDbsVV8XWkZ11DiHa+9wySxQcc4fBd23xGYpo52p2fc=</Modulus><Exponent>AQAB</Exponent></RSAKeyValue></KeyValue></KeyInfo><Object Id="Sitecore.Print.User" xmlns="http://www.w3.org/2000/09/xmldsig#"><module xmlns=""><idref>20200901063000</idref><name>Sitecore.Print.User</name><count>1</count><expiration>20210830T000000</expiration><version>10</version><comment /><licenseagreement>?</licenseagreement></module></Object></Signature><Signature><SignedInfo xmlns="http://www.w3.org/2000/09/xmldsig#"><CanonicalizationMethod Algorithm="http://www.w3.org/TR/2001/REC-xml-c14n-20010315" /><SignatureMethod Algorithm="http://www.w3.org/2000/09/xmldsig#rsa-sha1" /><Reference URI="#Sitecore.Sharepoint"><DigestMethod Algorithm="http://www.w3.org/2000/09/xmldsig#sha1" /><DigestValue>D8bZoGrLMmPTrPVi8+yXI+Mopw4=</DigestValue></Reference></SignedInfo><SignatureValue xmlns="http://www.w3.org/2000/09/xmldsig#">alaED3s+YIpGbaVFSIKUVXOvyNXAzhpF3R1HMHRaOklaVfBlpQJfdCNFYp6Cl04Dv46GXelm4xl531ZY2h2NtRIVBmZUoQV3uDN/kCfj8+ERY3w3Wf+WeQmZNHmY/x6liPb6kAvVR5NL3JDx7910cVY7dfqr8Bl0hcWbP5z8dFM=</SignatureValue><KeyInfo xmlns="http://www.w3.org/2000/09/xmldsig#"><KeyValue><RSAKeyValue><Modulus>wRSGFs73V0JMKVVRCX9pEVmluvNojvtDvzHduZ+pX458q9THGbti8zEty6ydF7nxVFCRriONFm6w+PtcZhRT+eXMb21jzY6biII4BXdh91BmVZ96FyYROMnHS6zjfK7+oDbsVV8XWkZ11DiHa+9wySxQcc4fBd23xGYpo52p2fc=</Modulus><Exponent>AQAB</Exponent></RSAKeyValue></KeyValue></KeyInfo><Object Id="Sitecore.Sharepoint" xmlns="http://www.w3.org/2000/09/xmldsig#"><module xmlns=""><idref>20200901063000</idref><name>Sitecore.Sharepoint</name><count>1</count><expiration>20210830T000000</expiration><version>10</version><comment /><licenseagreement>?</licenseagreement></module></Object></Signature><Signature><SignedInfo xmlns="http://www.w3.org/2000/09/xmldsig#"><CanonicalizationMethod Algorithm="http://www.w3.org/TR/2001/REC-xml-c14n-20010315" /><SignatureMethod Algorithm="http://www.w3.org/2000/09/xmldsig#rsa-sha1" /><Reference URI="#Sitecore.EI.Datamart"><DigestMethod Algorithm="http://www.w3.org/2000/09/xmldsig#sha1" /><DigestValue>pyXac1So9SZj81YivI+zj5LoeWk=</DigestValue></Reference></SignedInfo><SignatureValue xmlns="http://www.w3.org/2000/09/xmldsig#">sX+UDSTdkvev3vrsHUO1SdX+TrfbrY+6idgue3pP6RKfs4vHFOc9a3AwuCJjCyu0ey2RwIsqEp4pgf/3doh+2srJwHfvjsardNjzHpMrGKKQNbZsRNBv2hPpOKD7qLcPNtrMGhm5Eg0jZW9El/7R/Gvm3omG3AW2q+ih4muxAj4=</SignatureValue><KeyInfo xmlns="http://www.w3.org/2000/09/xmldsig#"><KeyValue><RSAKeyValue><Modulus>wRSGFs73V0JMKVVRCX9pEVmluvNojvtDvzHduZ+pX458q9THGbti8zEty6ydF7nxVFCRriONFm6w+PtcZhRT+eXMb21jzY6biII4BXdh91BmVZ96FyYROMnHS6zjfK7+oDbsVV8XWkZ11DiHa+9wySxQcc4fBd23xGYpo52p2fc=</Modulus><Exponent>AQAB</Exponent></RSAKeyValue></KeyValue></KeyInfo><Object Id="Sitecore.EI.Datamart" xmlns="http://www.w3.org/2000/09/xmldsig#"><module xmlns=""><idref>20200901063000</idref><name>Sitecore.EI.Datamart</name><count>1</count><expiration>20210830T000000</expiration><version>10</version><comment /><licenseagreement>?</licenseagreement></module></Object></Signature><Signature><SignedInfo xmlns="http://www.w3.org/2000/09/xmldsig#"><CanonicalizationMethod Algorithm="http://www.w3.org/TR/2001/REC-xml-c14n-20010315" /><SignatureMethod Algorithm="http://www.w3.org/2000/09/xmldsig#rsa-sha1" /><Reference URI="#Sitecore.MSS.Runtime"><DigestMethod Algorithm="http://www.w3.org/2000/09/xmldsig#sha1" /><DigestValue>qBBdDXrQXEASijioxS1+7IpeISY=</DigestValue></Reference></SignedInfo><SignatureValue xmlns="http://www.w3.org/2000/09/xmldsig#">mM037uQC5dEXhZs2OD5nCCrHCpXhplYKwffyWCDvMkSRRvB6uvMml80LxFsZUJyPhcEaZZUFs9EgLNpgEkoT3ODt45miLfzJG1R1wRjUoD2MwuvRjiu9c347c2gplmgTqvYzyxZhrUacKAJ1K/iltK4xzMdKqqZ/dVC6Sm1Jol0=</SignatureValue><KeyInfo xmlns="http://www.w3.org/2000/09/xmldsig#"><KeyValue><RSAKeyValue><Modulus>wRSGFs73V0JMKVVRCX9pEVmluvNojvtDvzHduZ+pX458q9THGbti8zEty6ydF7nxVFCRriONFm6w+PtcZhRT+eXMb21jzY6biII4BXdh91BmVZ96FyYROMnHS6zjfK7+oDbsVV8XWkZ11DiHa+9wySxQcc4fBd23xGYpo52p2fc=</Modulus><Exponent>AQAB</Exponent></RSAKeyValue></KeyValue></KeyInfo><Object Id="Sitecore.MSS.Runtime" xmlns="http://www.w3.org/2000/09/xmldsig#"><module xmlns=""><idref>20200901063000</idref><name>Sitecore.MSS.Runtime</name><count>1</count><expiration>20210830T000000</expiration><version>10</version><comment /><licenseagreement>?</licenseagreement></module></Object></Signature><Signature><SignedInfo xmlns="http://www.w3.org/2000/09/xmldsig#"><CanonicalizationMethod Algorithm="http://www.w3.org/TR/2001/REC-xml-c14n-20010315" /><SignatureMethod Algorithm="http://www.w3.org/2000/09/xmldsig#rsa-sha1" /><Reference URI="#SiteCore.SQLConnector"><DigestMethod Algorithm="http://www.w3.org/2000/09/xmldsig#sha1" /><DigestValue>XaNRsKb5jOS4DG9GIsgs7hyvMog=</DigestValue></Reference></SignedInfo><SignatureValue xmlns="http://www.w3.org/2000/09/xmldsig#">JCCc1ejsCiX79x29TYogiW8lmqDl/HWICYho0lYXlH4fdKW7Yibe3xETp7ZRMoz1/wrV1gUUu0mrTjAWBiqeyIib8YBJTvwvC/WOIAx57uhZfY4oLn02kNAf64sbMq844qEAU3Ofiw957NStvfJ+aXoBMioejeGz0TuRmPqkjy4=</SignatureValue><KeyInfo xmlns="http://www.w3.org/2000/09/xmldsig#"><KeyValue><RSAKeyValue><Modulus>wRSGFs73V0JMKVVRCX9pEVmluvNojvtDvzHduZ+pX458q9THGbti8zEty6ydF7nxVFCRriONFm6w+PtcZhRT+eXMb21jzY6biII4BXdh91BmVZ96FyYROMnHS6zjfK7+oDbsVV8XWkZ11DiHa+9wySxQcc4fBd23xGYpo52p2fc=</Modulus><Exponent>AQAB</Exponent></RSAKeyValue></KeyValue></KeyInfo><Object Id="SiteCore.SQLConnector" xmlns="http://www.w3.org/2000/09/xmldsig#"><module xmlns=""><idref>20200901063000</idref><name>SiteCore.SQLConnector</name><count>1</count><expiration>20210830T000000</expiration><version>10</version><comment /><licenseagreement>?</licenseagreement></module></Object></Signature><Signature><SignedInfo xmlns="http://www.w3.org/2000/09/xmldsig#"><CanonicalizationMethod Algorithm="http://www.w3.org/TR/2001/REC-xml-c14n-20010315" /><SignatureMethod Algorithm="http://www.w3.org/2000/09/xmldsig#rsa-sha1" /><Reference URI="#Sitecore.AdaptivePrint"><DigestMethod Algorithm="http://www.w3.org/2000/09/xmldsig#sha1" /><DigestValue>Xn4LPQDdE8/dLmdn+I5neh5x1f0=</DigestValue></Reference></SignedInfo><SignatureValue xmlns="http://www.w3.org/2000/09/xmldsig#">gg7A6s64kaWzIukAo+I/nyndlBdvYYeUHfB8PyfRDdkWylg5hgHh4VHIgqzmSKCr701oOp45RgyY7IP2tUOySyuHi9gsrIXleAciq232IuTS/Fs+As93oo5SBUVWxSK5c5j4lUIBUXyGirVehVnXyKXgfjaf/BYjLVWobOzWp1k=</SignatureValue><KeyInfo xmlns="http://www.w3.org/2000/09/xmldsig#"><KeyValue><RSAKeyValue><Modulus>wRSGFs73V0JMKVVRCX9pEVmluvNojvtDvzHduZ+pX458q9THGbti8zEty6ydF7nxVFCRriONFm6w+PtcZhRT+eXMb21jzY6biII4BXdh91BmVZ96FyYROMnHS6zjfK7+oDbsVV8XWkZ11DiHa+9wySxQcc4fBd23xGYpo52p2fc=</Modulus><Exponent>AQAB</Exponent></RSAKeyValue></KeyValue></KeyInfo><Object Id="Sitecore.AdaptivePrint" xmlns="http://www.w3.org/2000/09/xmldsig#"><module xmlns=""><idref>20200901063000</idref><name>Sitecore.AdaptivePrint</name><count>1</count><expiration>20210830T000000</expiration><version>10</version><comment /><licenseagreement>?</licenseagreement></module></Object></Signature><Signature><SignedInfo xmlns="http://www.w3.org/2000/09/xmldsig#"><CanonicalizationMethod Algorithm="http://www.w3.org/TR/2001/REC-xml-c14n-20010315" /><SignatureMethod Algorithm="http://www.w3.org/2000/09/xmldsig#rsa-sha1" /><Reference URI="#Sitecore.Print.Runtime"><DigestMethod Algorithm="http://www.w3.org/2000/09/xmldsig#sha1" /><DigestValue>9a2kY3iVPV2/X/WG+iIbf0bpZ4E=</DigestValue></Reference></SignedInfo><SignatureValue xmlns="http://www.w3.org/2000/09/xmldsig#">RRAFFg/z8GVkDv2TCdYxN7qP/J3qEsuYHgxtwcXIAiuEMw/zlUYYGl+VrWD219olY1jSRK6AYJNkvabCUsH1zURuEYOrop7nBGRLDwhRNlNHzmglQzcxrRnu78MlTTa/l9IH91KXYXgiEYktOKa9greA+/68FoWFvwOX18U0uNg=</SignatureValue><KeyInfo xmlns="http://www.w3.org/2000/09/xmldsig#"><KeyValue><RSAKeyValue><Modulus>wRSGFs73V0JMKVVRCX9pEVmluvNojvtDvzHduZ+pX458q9THGbti8zEty6ydF7nxVFCRriONFm6w+PtcZhRT+eXMb21jzY6biII4BXdh91BmVZ96FyYROMnHS6zjfK7+oDbsVV8XWkZ11DiHa+9wySxQcc4fBd23xGYpo52p2fc=</Modulus><Exponent>AQAB</Exponent></RSAKeyValue></KeyValue></KeyInfo><Object Id="Sitecore.Print.Runtime" xmlns="http://www.w3.org/2000/09/xmldsig#"><module xmlns=""><idref>20200901063000</idref><name>Sitecore.Print.Runtime</name><count>1</count><expiration>20210830T000000</expiration><version>10</version><comment /><licenseagreement>?</licenseagreement></module></Object></Signature><Signature><SignedInfo xmlns="http://www.w3.org/2000/09/xmldsig#"><CanonicalizationMethod Algorithm="http://www.w3.org/TR/2001/REC-xml-c14n-20010315" /><SignatureMethod Algorithm="http://www.w3.org/2000/09/xmldsig#rsa-sha1" /><Reference URI="#SiteCore.ContentManager"><DigestMethod Algorithm="http://www.w3.org/2000/09/xmldsig#sha1" /><DigestValue>2QRYpFcBBPn8qUofEfhasW5raRA=</DigestValue></Reference></SignedInfo><SignatureValue xmlns="http://www.w3.org/2000/09/xmldsig#">fNpTTVVXsXsEUAvqJjOiewEsVuM1S2Pgrgicct9sKxKNCvm/AlXN7+H3IO41ZaFrMRhuQqkzr2Fr3EUg+5OkrWvcPuIw7ah75CkmeeO7+hzKJ0PrVZ+sXSCWI7H9nQrlZr0C+7+gagKOYM4llmt2ELocWq/OTVQhAnI/VxoxsSg=</SignatureValue><KeyInfo xmlns="http://www.w3.org/2000/09/xmldsig#"><KeyValue><RSAKeyValue><Modulus>wRSGFs73V0JMKVVRCX9pEVmluvNojvtDvzHduZ+pX458q9THGbti8zEty6ydF7nxVFCRriONFm6w+PtcZhRT+eXMb21jzY6biII4BXdh91BmVZ96FyYROMnHS6zjfK7+oDbsVV8XWkZ11DiHa+9wySxQcc4fBd23xGYpo52p2fc=</Modulus><Exponent>AQAB</Exponent></RSAKeyValue></KeyValue></KeyInfo><Object Id="SiteCore.ContentManager" xmlns="http://www.w3.org/2000/09/xmldsig#"><module xmlns=""><idref>20200901063000</idref><name>SiteCore.ContentManager</name><count>1</count><expiration>20210830T000000</expiration><version>10</version><comment /><licenseagreement>?</licenseagreement></module></Object></Signature><Signature><SignedInfo xmlns="http://www.w3.org/2000/09/xmldsig#"><CanonicalizationMethod Algorithm="http://www.w3.org/TR/2001/REC-xml-c14n-20010315" /><SignatureMethod Algorithm="http://www.w3.org/2000/09/xmldsig#rsa-sha1" /><Reference URI="#Sitecore.EXM.CustomSMTP"><DigestMethod Algorithm="http://www.w3.org/2000/09/xmldsig#sha1" /><DigestValue>P1XYH8m1MOhjHSxvHBxgElfJtdo=</DigestValue></Reference></SignedInfo><SignatureValue xmlns="http://www.w3.org/2000/09/xmldsig#">mIBYGvvcT28slzfgswtFPF3a/11X2i0PmJB4Ak8+upx8KvumoRPmAVR1bom7H2yHAfj6YK4lk6TwL5h+yv46LxzE73iGNR0HGg4MzXt8lZEQzwvKAVf+E0N/8QepF5jA3xHRJ0VAlnE6uW5tZH8ZUr4fzWsrKG8OK8ZTivcKEyA=</SignatureValue><KeyInfo xmlns="http://www.w3.org/2000/09/xmldsig#"><KeyValue><RSAKeyValue><Modulus>wRSGFs73V0JMKVVRCX9pEVmluvNojvtDvzHduZ+pX458q9THGbti8zEty6ydF7nxVFCRriONFm6w+PtcZhRT+eXMb21jzY6biII4BXdh91BmVZ96FyYROMnHS6zjfK7+oDbsVV8XWkZ11DiHa+9wySxQcc4fBd23xGYpo52p2fc=</Modulus><Exponent>AQAB</Exponent></RSAKeyValue></KeyValue></KeyInfo><Object Id="Sitecore.EXM.CustomSMTP" xmlns="http://www.w3.org/2000/09/xmldsig#"><module xmlns=""><idref>20200901063000</idref><name>Sitecore.EXM.CustomSMTP</name><count>1</count><expiration>20210830T000000</expiration><version>10</version><comment /><licenseagreement>?</licenseagreement></module></Object></Signature><Signature><SignedInfo xmlns="http://www.w3.org/2000/09/xmldsig#"><CanonicalizationMethod Algorithm="http://www.w3.org/TR/2001/REC-xml-c14n-20010315" /><SignatureMethod Algorithm="http://www.w3.org/2000/09/xmldsig#rsa-sha1" /><Reference URI="#Sitecore.MSS.Newsletter"><DigestMethod Algorithm="http://www.w3.org/2000/09/xmldsig#sha1" /><DigestValue>IjS98I3kt+b/LPOafwa+Iia6LFs=</DigestValue></Reference></SignedInfo><SignatureValue xmlns="http://www.w3.org/2000/09/xmldsig#">nhVjpjLdGuDJFVhozgxldfdemqDHtr5Ei/s3+4m3FX/a3+QZ2mu2z35oJ6jgbsoyqxHMxLgruCFry3SofV4rGaYepAYoldEJeg5QfDymZSf5cXdP4m2s+NkmzemLGHbSazzpOxRlfM4P2VtPC5W6DNN7sa/AvLUi5D6Wdt7ldU8=</SignatureValue><KeyInfo xmlns="http://www.w3.org/2000/09/xmldsig#"><KeyValue><RSAKeyValue><Modulus>wRSGFs73V0JMKVVRCX9pEVmluvNojvtDvzHduZ+pX458q9THGbti8zEty6ydF7nxVFCRriONFm6w+PtcZhRT+eXMb21jzY6biII4BXdh91BmVZ96FyYROMnHS6zjfK7+oDbsVV8XWkZ11DiHa+9wySxQcc4fBd23xGYpo52p2fc=</Modulus><Exponent>AQAB</Exponent></RSAKeyValue></KeyValue></KeyInfo><Object Id="Sitecore.MSS.Newsletter" xmlns="http://www.w3.org/2000/09/xmldsig#"><module xmlns=""><idref>20200901063000</idref><name>Sitecore.MSS.Newsletter</name><count>1</count><expiration>20210830T000000</expiration><version>10</version><comment /><licenseagreement>?</licenseagreement></module></Object></Signature><Signature><SignedInfo xmlns="http://www.w3.org/2000/09/xmldsig#"><CanonicalizationMethod Algorithm="http://www.w3.org/TR/2001/REC-xml-c14n-20010315" /><SignatureMethod Algorithm="http://www.w3.org/2000/09/xmldsig#rsa-sha1" /><Reference URI="#Sitecore.EXM.Custom.SMTP"><DigestMethod Algorithm="http://www.w3.org/2000/09/xmldsig#sha1" /><DigestValue>tnbbbSN7UH51j0cr5ta1Bgxq8Ks=</DigestValue></Reference></SignedInfo><SignatureValue xmlns="http://www.w3.org/2000/09/xmldsig#">r4ZF4Fcpyo4rXcoSnR3e1SHZ/4CfJSWtlKwT8HCsj4ssvZuUDQKeMos3bh8G4L8geaJNxHK47na7Gk59kKhRqpNqUl3BuxCUnPCw4qUkrJTn6rSQPYg1m6hrElQOu1W6aCB7c7mzHeP4MK1VJROOi6Fgja24eareGpuYCDO/Xdo=</SignatureValue><KeyInfo xmlns="http://www.w3.org/2000/09/xmldsig#"><KeyValue><RSAKeyValue><Modulus>wRSGFs73V0JMKVVRCX9pEVmluvNojvtDvzHduZ+pX458q9THGbti8zEty6ydF7nxVFCRriONFm6w+PtcZhRT+eXMb21jzY6biII4BXdh91BmVZ96FyYROMnHS6zjfK7+oDbsVV8XWkZ11DiHa+9wySxQcc4fBd23xGYpo52p2fc=</Modulus><Exponent>AQAB</Exponent></RSAKeyValue></KeyValue></KeyInfo><Object Id="Sitecore.EXM.Custom.SMTP" xmlns="http://www.w3.org/2000/09/xmldsig#"><module xmlns=""><idref>20200901063000</idref><name>Sitecore.EXM.Custom.SMTP</name><count>1</count><expiration>20210830T000000</expiration><version>10</version><comment /><licenseagreement>?</licenseagreement></module></Object></Signature><Signature><SignedInfo xmlns="http://www.w3.org/2000/09/xmldsig#"><CanonicalizationMethod Algorithm="http://www.w3.org/TR/2001/REC-xml-c14n-20010315" /><SignatureMethod Algorithm="http://www.w3.org/2000/09/xmldsig#rsa-sha1" /><Reference URI="#Sitecore.MSS.SiteEditors"><DigestMethod Algorithm="http://www.w3.org/2000/09/xmldsig#sha1" /><DigestValue>qqO+dZ+QwfNWb8AN9Pf6GNJLktI=</DigestValue></Reference></SignedInfo><SignatureValue xmlns="http://www.w3.org/2000/09/xmldsig#">ITsQDcL0V4asQAtvbUJYx8rdXlCX/UMwJ9a//0zfWdVTk3YZALiQoiDg8al9GZ4YInN7EdDOLv7bOB9JxvqN/9jr1E8STBhfxZHMSL96xScOdBK5SRIvO64fjPG2dQGabSg9pt5Mvy9ts68TnUa8EsjfQxk+SWA3HLwhHXWT0dQ=</SignatureValue><KeyInfo xmlns="http://www.w3.org/2000/09/xmldsig#"><KeyValue><RSAKeyValue><Modulus>wRSGFs73V0JMKVVRCX9pEVmluvNojvtDvzHduZ+pX458q9THGbti8zEty6ydF7nxVFCRriONFm6w+PtcZhRT+eXMb21jzY6biII4BXdh91BmVZ96FyYROMnHS6zjfK7+oDbsVV8XWkZ11DiHa+9wySxQcc4fBd23xGYpo52p2fc=</Modulus><Exponent>AQAB</Exponent></RSAKeyValue></KeyValue></KeyInfo><Object Id="Sitecore.MSS.SiteEditors" xmlns="http://www.w3.org/2000/09/xmldsig#"><module xmlns=""><idref>20200901063000</idref><name>Sitecore.MSS.SiteEditors</name><count>1</count><expiration>20210830T000000</expiration><version>10</version><comment /><licenseagreement>?</licenseagreement></module></Object></Signature><Signature><SignedInfo xmlns="http://www.w3.org/2000/09/xmldsig#"><CanonicalizationMethod Algorithm="http://www.w3.org/TR/2001/REC-xml-c14n-20010315" /><SignatureMethod Algorithm="http://www.w3.org/2000/09/xmldsig#rsa-sha1" /><Reference URI="#Sitecore.Commerce.Connect"><DigestMethod Algorithm="http://www.w3.org/2000/09/xmldsig#sha1" /><DigestValue>uoks/sgRX67nFo3YCYLKJ+2nwDg=</DigestValue></Reference></SignedInfo><SignatureValue xmlns="http://www.w3.org/2000/09/xmldsig#">nepSuPTNaEam+c3WLVJxVkJ9qsRMW52rGPBVUfVdSxhhi3j4Ccr6qeGefmkbW7FDaQexKQpPsRsV10zLDX3Oewk9/5Zx3UBwKKGY9RLdo4AURDCs/CjgCPjiE71iF9DrnydI3SoIfhlBeYvJjXuI6UrjMT77vlUlz+4a/rUUAnY=</SignatureValue><KeyInfo xmlns="http://www.w3.org/2000/09/xmldsig#"><KeyValue><RSAKeyValue><Modulus>wRSGFs73V0JMKVVRCX9pEVmluvNojvtDvzHduZ+pX458q9THGbti8zEty6ydF7nxVFCRriONFm6w+PtcZhRT+eXMb21jzY6biII4BXdh91BmVZ96FyYROMnHS6zjfK7+oDbsVV8XWkZ11DiHa+9wySxQcc4fBd23xGYpo52p2fc=</Modulus><Exponent>AQAB</Exponent></RSAKeyValue></KeyValue></KeyInfo><Object Id="Sitecore.Commerce.Connect" xmlns="http://www.w3.org/2000/09/xmldsig#"><module xmlns=""><idref>20200901063000</idref><name>Sitecore.Commerce.Connect</name><count>1</count><expiration>20210830T000000</expiration><version>10</version><comment /><licenseagreement>?</licenseagreement></module></Object></Signature><Signature><SignedInfo xmlns="http://www.w3.org/2000/09/xmldsig#"><CanonicalizationMethod Algorithm="http://www.w3.org/TR/2001/REC-xml-c14n-20010315" /><SignatureMethod Algorithm="http://www.w3.org/2000/09/xmldsig#rsa-sha1" /><Reference URI="#Sitecore.MSS.ForumExpress"><DigestMethod Algorithm="http://www.w3.org/2000/09/xmldsig#sha1" /><DigestValue>XWAoEPoPc0AlBAQcVG8Yof7H6es=</DigestValue></Reference></SignedInfo><SignatureValue xmlns="http://www.w3.org/2000/09/xmldsig#">BZTwKGu6QPUfTUsdZWJCxgO4HefBmoBHOogMDHQzQEoWgLlM2PcYmuy08j4vLv3MQZqyf/C4KNm5YOaEisrtdLfQPtTQhbPQH9vQCFhAgTJJ+Fr69uthGvoaL3FjXzuiO0U4mGtDOKGmIYIlMUeD5StS6oTm2eCnzu81aekdWMM=</SignatureValue><KeyInfo xmlns="http://www.w3.org/2000/09/xmldsig#"><KeyValue><RSAKeyValue><Modulus>wRSGFs73V0JMKVVRCX9pEVmluvNojvtDvzHduZ+pX458q9THGbti8zEty6ydF7nxVFCRriONFm6w+PtcZhRT+eXMb21jzY6biII4BXdh91BmVZ96FyYROMnHS6zjfK7+oDbsVV8XWkZ11DiHa+9wySxQcc4fBd23xGYpo52p2fc=</Modulus><Exponent>AQAB</Exponent></RSAKeyValue></KeyValue></KeyInfo><Object Id="Sitecore.MSS.ForumExpress" xmlns="http://www.w3.org/2000/09/xmldsig#"><module xmlns=""><idref>20200901063000</idref><name>Sitecore.MSS.ForumExpress</name><count>1</count><expiration>20210830T000000</expiration><version>10</version><comment /><licenseagreement>?</licenseagreement></module></Object></Signature><Signature><SignedInfo xmlns="http://www.w3.org/2000/09/xmldsig#"><CanonicalizationMethod Algorithm="http://www.w3.org/TR/2001/REC-xml-c14n-20010315" /><SignatureMethod Algorithm="http://www.w3.org/2000/09/xmldsig#rsa-sha1" /><Reference URI="#Sitecore.MSS.EventCalendar"><DigestMethod Algorithm="http://www.w3.org/2000/09/xmldsig#sha1" /><DigestValue>jP8j+jCu846dhuvP/OvLphLJuKQ=</DigestValue></Reference></SignedInfo><SignatureValue xmlns="http://www.w3.org/2000/09/xmldsig#">FOlyqBSYCmg///9NP33DQwWVtcCUgNEws3DMMy6ztaek1JePoV3ErmUGpNgLTXtqDQ3Lj/X163Uo3PLBX4eYFEwPXbDmjG/3YG/SV8+KOOMgWd+SHNt0lsg0osAPm4I/qS+nYg+NrOA1bqWSOiO227IKIcAMhb536EFECt40joY=</SignatureValue><KeyInfo xmlns="http://www.w3.org/2000/09/xmldsig#"><KeyValue><RSAKeyValue><Modulus>wRSGFs73V0JMKVVRCX9pEVmluvNojvtDvzHduZ+pX458q9THGbti8zEty6ydF7nxVFCRriONFm6w+PtcZhRT+eXMb21jzY6biII4BXdh91BmVZ96FyYROMnHS6zjfK7+oDbsVV8XWkZ11DiHa+9wySxQcc4fBd23xGYpo52p2fc=</Modulus><Exponent>AQAB</Exponent></RSAKeyValue></KeyValue></KeyInfo><Object Id="Sitecore.MSS.EventCalendar" xmlns="http://www.w3.org/2000/09/xmldsig#"><module xmlns=""><idref>20200901063000</idref><name>Sitecore.MSS.EventCalendar</name><count>1</count><expiration>20210830T000000</expiration><version>10</version><comment /><licenseagreement>?</licenseagreement></module></Object></Signature><Signature><SignedInfo xmlns="http://www.w3.org/2000/09/xmldsig#"><CanonicalizationMethod Algorithm="http://www.w3.org/TR/2001/REC-xml-c14n-20010315" /><SignatureMethod Algorithm="http://www.w3.org/2000/09/xmldsig#rsa-sha1" /><Reference URI="#Sitecore.MSS.SiteDocuments"><DigestMethod Algorithm="http://www.w3.org/2000/09/xmldsig#sha1" /><DigestValue>lJukpj8pAyRPDXIY85cwFJMzNy0=</DigestValue></Reference></SignedInfo><SignatureValue xmlns="http://www.w3.org/2000/09/xmldsig#">FL+0lcog9/4jUUfY4N+LIvkw2EeLneAz/54X9u8Yts91EP7AZL/Iiola2GPnbuRuIvU0mriE5qVL4a1q9SeoczOLkmADEBGk6O/NJ27YAGHtPTiuj79V8EU+ZRuLbGOBrzIIdehtipyXK+k96jILQqzOxUQHlpUImVnZEmvSovQ=</SignatureValue><KeyInfo xmlns="http://www.w3.org/2000/09/xmldsig#"><KeyValue><RSAKeyValue><Modulus>wRSGFs73V0JMKVVRCX9pEVmluvNojvtDvzHduZ+pX458q9THGbti8zEty6ydF7nxVFCRriONFm6w+PtcZhRT+eXMb21jzY6biII4BXdh91BmVZ96FyYROMnHS6zjfK7+oDbsVV8XWkZ11DiHa+9wySxQcc4fBd23xGYpo52p2fc=</Modulus><Exponent>AQAB</Exponent></RSAKeyValue></KeyValue></KeyInfo><Object Id="Sitecore.MSS.SiteDocuments" xmlns="http://www.w3.org/2000/09/xmldsig#"><module xmlns=""><idref>20200901063000</idref><name>Sitecore.MSS.SiteDocuments</name><count>1</count><expiration>20210830T000000</expiration><version>10</version><comment /><licenseagreement>?</licenseagreement></module></Object></Signature><Signature><SignedInfo xmlns="http://www.w3.org/2000/09/xmldsig#"><CanonicalizationMethod Algorithm="http://www.w3.org/TR/2001/REC-xml-c14n-20010315" /><SignatureMethod Algorithm="http://www.w3.org/2000/09/xmldsig#rsa-sha1" /><Reference URI="#Sitecore.Print.Workstation"><DigestMethod Algorithm="http://www.w3.org/2000/09/xmldsig#sha1" /><DigestValue>0wRPrPzgrdftOKXbsFolRp5w2MI=</DigestValue></Reference></SignedInfo><SignatureValue xmlns="http://www.w3.org/2000/09/xmldsig#">GzUZg+WLM8j79/TCzwY2w85TYD5w9ABePb7fYIYBDGQgT2jc2JMYXc6rpI5/ZLJSpj8Ylrf16X60XP1cMtMsUMXlWnhr+eT03YmqXzRpym3RoVE7FoooCwGBDH7wZbWpVzvuiC2weyUXDntRlw/E8JRKUMZwO8puGNdTAHbpnP0=</SignatureValue><KeyInfo xmlns="http://www.w3.org/2000/09/xmldsig#"><KeyValue><RSAKeyValue><Modulus>wRSGFs73V0JMKVVRCX9pEVmluvNojvtDvzHduZ+pX458q9THGbti8zEty6ydF7nxVFCRriONFm6w+PtcZhRT+eXMb21jzY6biII4BXdh91BmVZ96FyYROMnHS6zjfK7+oDbsVV8XWkZ11DiHa+9wySxQcc4fBd23xGYpo52p2fc=</Modulus><Exponent>AQAB</Exponent></RSAKeyValue></KeyValue></KeyInfo><Object Id="Sitecore.Print.Workstation" xmlns="http://www.w3.org/2000/09/xmldsig#"><module xmlns=""><idref>20200901063000</idref><name>Sitecore.Print.Workstation</name><count>1</count><expiration>20210830T000000</expiration><version>10</version><comment /><licenseagreement>?</licenseagreement></module></Object></Signature><Signature><SignedInfo xmlns="http://www.w3.org/2000/09/xmldsig#"><CanonicalizationMethod Algorithm="http://www.w3.org/TR/2001/REC-xml-c14n-20010315" /><SignatureMethod Algorithm="http://www.w3.org/2000/09/xmldsig#rsa-sha1" /><Reference URI="#Sitecore.MSS.ImageCollections"><DigestMethod Algorithm="http://www.w3.org/2000/09/xmldsig#sha1" /><DigestValue>9E5tr1V1ypj/yhChBgjjUUCv6Ws=</DigestValue></Reference></SignedInfo><SignatureValue xmlns="http://www.w3.org/2000/09/xmldsig#">DwUnWNyO/f67OltgNKgypkzNXncHUEsBSOssyMnA94d7oWbNJ80uUWgChozLoX5bh1ijOP3H6U/zJ6zUp2oUZ53i+6b6/96r1RynwLoXpjssowGSRYyj6flOEdEzevXv6JLiTsnD6vc5FCw/tgm5O6NfcimDn9OQiIuDdRQ/498=</SignatureValue><KeyInfo xmlns="http://www.w3.org/2000/09/xmldsig#"><KeyValue><RSAKeyValue><Modulus>wRSGFs73V0JMKVVRCX9pEVmluvNojvtDvzHduZ+pX458q9THGbti8zEty6ydF7nxVFCRriONFm6w+PtcZhRT+eXMb21jzY6biII4BXdh91BmVZ96FyYROMnHS6zjfK7+oDbsVV8XWkZ11DiHa+9wySxQcc4fBd23xGYpo52p2fc=</Modulus><Exponent>AQAB</Exponent></RSAKeyValue></KeyValue></KeyInfo><Object Id="Sitecore.MSS.ImageCollections" xmlns="http://www.w3.org/2000/09/xmldsig#"><module xmlns=""><idref>20200901063000</idref><name>Sitecore.MSS.ImageCollections</name><count>1</count><expiration>20210830T000000</expiration><version>10</version><comment /><licenseagreement>?</licenseagreement></module></Object></Signature><Signature><SignedInfo xmlns="http://www.w3.org/2000/09/xmldsig#"><CanonicalizationMethod Algorithm="http://www.w3.org/TR/2001/REC-xml-c14n-20010315" /><SignatureMethod Algorithm="http://www.w3.org/2000/09/xmldsig#rsa-sha1" /><Reference URI="#Sitecore.EcommerceFundamentals"><DigestMethod Algorithm="http://www.w3.org/2000/09/xmldsig#sha1" /><DigestValue>6hi+dFbe7ukwF2JEx5QqJDJWknc=</DigestValue></Reference></SignedInfo><SignatureValue xmlns="http://www.w3.org/2000/09/xmldsig#">q/AzYlm8b8SXmYJX1tMje699PaS7U43m1ufwEM/6lDcXSoXG9q7V3UmPxeMZElFrFEzWtt2K703S7JxzUoT8eSBTGZmhrUo2Vrm5yGuViPtrqubkBshTYW4vwZFuAXbuk5T7e3QmE7FaK64WeKv6fPuIm/SH31KA0qGqw10n8qE=</SignatureValue><KeyInfo xmlns="http://www.w3.org/2000/09/xmldsig#"><KeyValue><RSAKeyValue><Modulus>wRSGFs73V0JMKVVRCX9pEVmluvNojvtDvzHduZ+pX458q9THGbti8zEty6ydF7nxVFCRriONFm6w+PtcZhRT+eXMb21jzY6biII4BXdh91BmVZ96FyYROMnHS6zjfK7+oDbsVV8XWkZ11DiHa+9wySxQcc4fBd23xGYpo52p2fc=</Modulus><Exponent>AQAB</Exponent></RSAKeyValue></KeyValue></KeyInfo><Object Id="Sitecore.EcommerceFundamentals" xmlns="http://www.w3.org/2000/09/xmldsig#"><module xmlns=""><idref>20200901063000</idref><name>Sitecore.EcommerceFundamentals</name><count>1</count><expiration>20210830T000000</expiration><version>10</version><comment /><licenseagreement>?</licenseagreement></module></Object></Signature><Signature><SignedInfo xmlns="http://www.w3.org/2000/09/xmldsig#"><CanonicalizationMethod Algorithm="http://www.w3.org/TR/2001/REC-xml-c14n-20010315" /><SignatureMethod Algorithm="http://www.w3.org/2000/09/xmldsig#rsa-sha1" /><Reference URI="#Sitecore.Print.DocumentService"><DigestMethod Algorithm="http://www.w3.org/2000/09/xmldsig#sha1" /><DigestValue>0rDuDgtBrHwRIDJTXXLRb2Q8ydA=</DigestValue></Reference></SignedInfo><SignatureValue xmlns="http://www.w3.org/2000/09/xmldsig#">XFQpfwkYVQpyJPuSKOYkQKE8bwGFJ67ec2F77EZKxUklOEraZktJY5O3Nnt8QGGtO+tN1toYP/dhfvSl2HaKedDsLrDds9I6EtuqknkUefOkMR4ndYlsH8V/N1OCq4qZ6bcaeRNpElYqQRxqiy6rMRIFqZC53wzyf66eook4t94=</SignatureValue><KeyInfo xmlns="http://www.w3.org/2000/09/xmldsig#"><KeyValue><RSAKeyValue><Modulus>wRSGFs73V0JMKVVRCX9pEVmluvNojvtDvzHduZ+pX458q9THGbti8zEty6ydF7nxVFCRriONFm6w+PtcZhRT+eXMb21jzY6biII4BXdh91BmVZ96FyYROMnHS6zjfK7+oDbsVV8XWkZ11DiHa+9wySxQcc4fBd23xGYpo52p2fc=</Modulus><Exponent>AQAB</Exponent></RSAKeyValue></KeyValue></KeyInfo><Object Id="Sitecore.Print.DocumentService" xmlns="http://www.w3.org/2000/09/xmldsig#"><module xmlns=""><idref>20200901063000</idref><name>Sitecore.Print.DocumentService</name><count>1</count><expiration>20210830T000000</expiration><version>10</version><comment /><licenseagreement>?</licenseagreement></module></Object></Signature><Signature><SignedInfo xmlns="http://www.w3.org/2000/09/xmldsig#"><CanonicalizationMethod Algorithm="http://www.w3.org/TR/2001/REC-xml-c14n-20010315" /><SignatureMethod Algorithm="http://www.w3.org/2000/09/xmldsig#rsa-sha1" /><Reference URI="#Sitecore.CommerceServer.Runtime"><DigestMethod Algorithm="http://www.w3.org/2000/09/xmldsig#sha1" /><DigestValue>uU4VD3Ki4aXm/l2aHkCZ0gFSXr0=</DigestValue></Reference></SignedInfo><SignatureValue xmlns="http://www.w3.org/2000/09/xmldsig#">XIOFrzFpxw1WYUxZtZ8RZloiBgnx+Xd2zzqh1TJsypHECmMdp3uzU/dacfygdTPHguDRvGZjiN93SqjN1AhIMQ/kDrqpGMyt8gmK9giQrMssSDvq0hWPJ/8s54WgD9EEisD5mek7d9sxZ6H9Grdsa7fvovyo0A2GGOReZLo5BkE=</SignatureValue><KeyInfo xmlns="http://www.w3.org/2000/09/xmldsig#"><KeyValue><RSAKeyValue><Modulus>wRSGFs73V0JMKVVRCX9pEVmluvNojvtDvzHduZ+pX458q9THGbti8zEty6ydF7nxVFCRriONFm6w+PtcZhRT+eXMb21jzY6biII4BXdh91BmVZ96FyYROMnHS6zjfK7+oDbsVV8XWkZ11DiHa+9wySxQcc4fBd23xGYpo52p2fc=</Modulus><Exponent>AQAB</Exponent></RSAKeyValue></KeyValue></KeyInfo><Object Id="Sitecore.CommerceServer.Runtime" xmlns="http://www.w3.org/2000/09/xmldsig#"><module xmlns=""><idref>20200901063000</idref><name>Sitecore.CommerceServer.Runtime</name><count>1</count><expiration>20210830T000000</expiration><version>10</version><comment /><licenseagreement>?</licenseagreement></module></Object></Signature><Signature><SignedInfo xmlns="http://www.w3.org/2000/09/xmldsig#"><CanonicalizationMethod Algorithm="http://www.w3.org/TR/2001/REC-xml-c14n-20010315" /><SignatureMethod Algorithm="http://www.w3.org/2000/09/xmldsig#rsa-sha1" /><Reference URI="#Sitecore.Commerce.ConnectPartner"><DigestMethod Algorithm="http://www.w3.org/2000/09/xmldsig#sha1" /><DigestValue>4D9VsrEloxJjFlRhFRqLspO0Fpc=</DigestValue></Reference></SignedInfo><SignatureValue xmlns="http://www.w3.org/2000/09/xmldsig#">SegPqXzLV5AYqVrJTKA4pL6VWBd0pV70G9yUjV5KCgrHLBFWkl9dG4jOEtSQ2Nn8pUItGEKoG8UcL+ZdvY1kApV7HKU2khLA3K+iJATjURSrUbD3841lXs/1u7UP3QhIJT8dxxGVjSxD+tkcTFmy3JoozTasSEeclW10soByuMc=</SignatureValue><KeyInfo xmlns="http://www.w3.org/2000/09/xmldsig#"><KeyValue><RSAKeyValue><Modulus>wRSGFs73V0JMKVVRCX9pEVmluvNojvtDvzHduZ+pX458q9THGbti8zEty6ydF7nxVFCRriONFm6w+PtcZhRT+eXMb21jzY6biII4BXdh91BmVZ96FyYROMnHS6zjfK7+oDbsVV8XWkZ11DiHa+9wySxQcc4fBd23xGYpo52p2fc=</Modulus><Exponent>AQAB</Exponent></RSAKeyValue></KeyValue></KeyInfo><Object Id="Sitecore.Commerce.ConnectPartner" xmlns="http://www.w3.org/2000/09/xmldsig#"><module xmlns=""><idref>20200901063000</idref><name>Sitecore.Commerce.ConnectPartner</name><count>1</count><expiration>20210830T000000</expiration><version>10</version><comment /><licenseagreement>?</licenseagreement></module></Object></Signature><Signature><SignedInfo xmlns="http://www.w3.org/2000/09/xmldsig#"><CanonicalizationMethod Algorithm="http://www.w3.org/TR/2001/REC-xml-c14n-20010315" /><SignatureMethod Algorithm="http://www.w3.org/2000/09/xmldsig#rsa-sha1" /><Reference URI="#Sitecore.CommerceServer.Integrated"><DigestMethod Algorithm="http://www.w3.org/2000/09/xmldsig#sha1" /><DigestValue>IFqFefv0tIJhIJUFg30ObJksTgU=</DigestValue></Reference></SignedInfo><SignatureValue xmlns="http://www.w3.org/2000/09/xmldsig#">BdDyCJOrMo2iGcqRYNlfQAoxsAgw7nsk4AwFGPQbm+pSj2BpzwOvbM3dvxj4MJq+rTbtqOMghDby1XNbWuHZY5Dn4KCmaJ75UZXvWsOkm238Qjk1ZNf9E6r1UUYzQbFLXT86rgKNj0XEuEIi/lrimHPPIqXzwiGaYzEqD1mKWSo=</SignatureValue><KeyInfo xmlns="http://www.w3.org/2000/09/xmldsig#"><KeyValue><RSAKeyValue><Modulus>wRSGFs73V0JMKVVRCX9pEVmluvNojvtDvzHduZ+pX458q9THGbti8zEty6ydF7nxVFCRriONFm6w+PtcZhRT+eXMb21jzY6biII4BXdh91BmVZ96FyYROMnHS6zjfK7+oDbsVV8XWkZ11DiHa+9wySxQcc4fBd23xGYpo52p2fc=</Modulus><Exponent>AQAB</Exponent></RSAKeyValue></KeyValue></KeyInfo><Object Id="Sitecore.CommerceServer.Integrated" xmlns="http://www.w3.org/2000/09/xmldsig#"><module xmlns=""><idref>20200901063000</idref><name>Sitecore.CommerceServer.Integrated</name><count>1</count><expiration>20210830T000000</expiration><version>10</version><comment /><licenseagreement>?</licenseagreement></module></Object></Signature><Signature><SignedInfo xmlns="http://www.w3.org/2000/09/xmldsig#"><CanonicalizationMethod Algorithm="http://www.w3.org/TR/2001/REC-xml-c14n-20010315" /><SignatureMethod Algorithm="http://www.w3.org/2000/09/xmldsig#rsa-sha1" /><Reference URI="#Sitecore.FederatedExperienceManager"><DigestMethod Algorithm="http://www.w3.org/2000/09/xmldsig#sha1" /><DigestValue>+46uaYGiFhgjxw8IqmapO5Qn28w=</DigestValue></Reference></SignedInfo><SignatureValue xmlns="http://www.w3.org/2000/09/xmldsig#">vW008FooGCz5dJG3NzSfanY6WOMU2sKU7Aqu4E8uUm4W2kvLcPWzy0inCrzTdfIh0CbCIvvhngJrTbYcAUYpbeM2o2ADwuXJcfb7H/r49Q3w6lZnoCAVe66THun7vJuRj+y+TVL7nrxsdm4CBDsx80brm8YrBWHkULlyKHS8bto=</SignatureValue><KeyInfo xmlns="http://www.w3.org/2000/09/xmldsig#"><KeyValue><RSAKeyValue><Modulus>wRSGFs73V0JMKVVRCX9pEVmluvNojvtDvzHduZ+pX458q9THGbti8zEty6ydF7nxVFCRriONFm6w+PtcZhRT+eXMb21jzY6biII4BXdh91BmVZ96FyYROMnHS6zjfK7+oDbsVV8XWkZ11DiHa+9wySxQcc4fBd23xGYpo52p2fc=</Modulus><Exponent>AQAB</Exponent></RSAKeyValue></KeyValue></KeyInfo><Object Id="Sitecore.FederatedExperienceManager" xmlns="http://www.w3.org/2000/09/xmldsig#"><module xmlns=""><idref>20200901063000</idref><name>Sitecore.FederatedExperienceManager</name><count>1</count><expiration>20210830T000000</expiration><version>10</version><comment /><licenseagreement>?</licenseagreement></module></Object></Signature><Signature><SignedInfo xmlns="http://www.w3.org/2000/09/xmldsig#"><CanonicalizationMethod Algorithm="http://www.w3.org/TR/2001/REC-xml-c14n-20010315" /><SignatureMethod Algorithm="http://www.w3.org/2000/09/xmldsig#rsa-sha1" /><Reference URI="#Sitecore.Azure.DeploymentInstallation"><DigestMethod Algorithm="http://www.w3.org/2000/09/xmldsig#sha1" /><DigestValue>137ktND5J7ZsuSpz+O86zX0E+SA=</DigestValue></Reference></SignedInfo><SignatureValue xmlns="http://www.w3.org/2000/09/xmldsig#">mwNeqhnA/WTEo+8IhvY2cEIj/8CPAwPvGVF2CUO9ecBgGCggc6T3fawFx99i1J2URv7yuldEz9wt+kWru19yg9brpgCwWSSZNfAdpmttftnsWhlZMztmI7X1fV65q7ruPlyOy3IJ+llnYr5h/sUccQsLkfJXdDI/bN4J0KiECbc=</SignatureValue><KeyInfo xmlns="http://www.w3.org/2000/09/xmldsig#"><KeyValue><RSAKeyValue><Modulus>wRSGFs73V0JMKVVRCX9pEVmluvNojvtDvzHduZ+pX458q9THGbti8zEty6ydF7nxVFCRriONFm6w+PtcZhRT+eXMb21jzY6biII4BXdh91BmVZ96FyYROMnHS6zjfK7+oDbsVV8XWkZ11DiHa+9wySxQcc4fBd23xGYpo52p2fc=</Modulus><Exponent>AQAB</Exponent></RSAKeyValue></KeyValue></KeyInfo><Object Id="Sitecore.Azure.DeploymentInstallation" xmlns="http://www.w3.org/2000/09/xmldsig#"><module xmlns=""><idref>20200901063000</idref><name>Sitecore.Azure.DeploymentInstallation</name><count>1</count><expiration>20210830T000000</expiration><version>10</version><comment /><licenseagreement>?</licenseagreement></module></Object></Signature><Signature><SignedInfo xmlns="http://www.w3.org/2000/09/xmldsig#"><CanonicalizationMethod Algorithm="http://www.w3.org/TR/2001/REC-xml-c14n-20010315" /><SignatureMethod Algorithm="http://www.w3.org/2000/09/xmldsig#rsa-sha1" /><Reference URI="#Sitecore.Azure.EnablementInstallation"><DigestMethod Algorithm="http://www.w3.org/2000/09/xmldsig#sha1" /><DigestValue>p0Oh3sBjzhQdPRBL0xPjO4MouKk=</DigestValue></Reference></SignedInfo><SignatureValue xmlns="http://www.w3.org/2000/09/xmldsig#">RMF4DfbjqU+g20qvPnbc2yLgJObsGxeoPHJUc64oegWMb5uhXJEFdntI/JjM+3aRRV6qiCJI3KfRnedbU5+MDE7tqjA91BZNYF9rcL0ll3rr5wE8wOsJEa4DiBozlVMOUgbfvEAHygENd3RV+3kPFt9WLHzbV6Q2Es83DhE0RRI=</SignatureValue><KeyInfo xmlns="http://www.w3.org/2000/09/xmldsig#"><KeyValue><RSAKeyValue><Modulus>wRSGFs73V0JMKVVRCX9pEVmluvNojvtDvzHduZ+pX458q9THGbti8zEty6ydF7nxVFCRriONFm6w+PtcZhRT+eXMb21jzY6biII4BXdh91BmVZ96FyYROMnHS6zjfK7+oDbsVV8XWkZ11DiHa+9wySxQcc4fBd23xGYpo52p2fc=</Modulus><Exponent>AQAB</Exponent></RSAKeyValue></KeyValue></KeyInfo><Object Id="Sitecore.Azure.EnablementInstallation" xmlns="http://www.w3.org/2000/09/xmldsig#"><module xmlns=""><idref>20200901063000</idref><name>Sitecore.Azure.EnablementInstallation</name><count>1</count><expiration>20210830T000000</expiration><version>10</version><comment /><licenseagreement>?</licenseagreement></module></Object></Signature><Signature><SignedInfo xmlns="http://www.w3.org/2000/09/xmldsig#"><CanonicalizationMethod Algorithm="http://www.w3.org/TR/2001/REC-xml-c14n-20010315" /><SignatureMethod Algorithm="http://www.w3.org/2000/09/xmldsig#rsa-sha1" /><Reference URI="#Sitecore.Commerce.Dynamics.Integrated"><DigestMethod Algorithm="http://www.w3.org/2000/09/xmldsig#sha1" /><DigestValue>n42ypw6s1sY2CkG0a1EyIPzCnMg=</DigestValue></Reference></SignedInfo><SignatureValue xmlns="http://www.w3.org/2000/09/xmldsig#">amqPITTSG/2NIqg6dzEw/oFCdwbSS35E0lutGIlj4snUYT4+J27780xBJZ0cnyhkfb1UgJ5hakJcM+MjV3hYu4AwUxdAtnpduIq+wMAyC++XA9UMawI00KTeF77VxE1WFzElnxGegfCCerqo7YMr6Wugq+qPj+ehdOK2HrMnbVo=</SignatureValue><KeyInfo xmlns="http://www.w3.org/2000/09/xmldsig#"><KeyValue><RSAKeyValue><Modulus>wRSGFs73V0JMKVVRCX9pEVmluvNojvtDvzHduZ+pX458q9THGbti8zEty6ydF7nxVFCRriONFm6w+PtcZhRT+eXMb21jzY6biII4BXdh91BmVZ96FyYROMnHS6zjfK7+oDbsVV8XWkZ11DiHa+9wySxQcc4fBd23xGYpo52p2fc=</Modulus><Exponent>AQAB</Exponent></RSAKeyValue></KeyValue></KeyInfo><Object Id="Sitecore.Commerce.Dynamics.Integrated" xmlns="http://www.w3.org/2000/09/xmldsig#"><module xmlns=""><idref>20200901063000</idref><name>Sitecore.Commerce.Dynamics.Integrated</name><count>0</count><expiration>20210830T000000</expiration><version>10</version><comment /><licenseagreement>?</licenseagreement></module></Object></Signature><Signature><SignedInfo xmlns="http://www.w3.org/2000/09/xmldsig#"><CanonicalizationMethod Algorithm="http://www.w3.org/TR/2001/REC-xml-c14n-20010315" /><SignatureMethod Algorithm="http://www.w3.org/2000/09/xmldsig#rsa-sha1" /><Reference URI="#Sitecore.CommerceServer.ProdManagement"><DigestMethod Algorithm="http://www.w3.org/2000/09/xmldsig#sha1" /><DigestValue>4COivPXhSPRC31bgT+KwvAo2+Ug=</DigestValue></Reference></SignedInfo><SignatureValue xmlns="http://www.w3.org/2000/09/xmldsig#">VC7127vT9tmWi5cT5edaHAgBb76K8TeeiyBIfZFuNAFb8xAL+ABhHf1p/2LdDxeihqRJfYFX3ln4bNo+43W0fxXP8KN5eegOlFbbG9Wi5+Jy+OyHYEp6HNgWkI4h9AJV9HYTgLbAx4V1oKazeNPNrvMGozYj65G8+uzZXfBOE+Y=</SignatureValue><KeyInfo xmlns="http://www.w3.org/2000/09/xmldsig#"><KeyValue><RSAKeyValue><Modulus>wRSGFs73V0JMKVVRCX9pEVmluvNojvtDvzHduZ+pX458q9THGbti8zEty6ydF7nxVFCRriONFm6w+PtcZhRT+eXMb21jzY6biII4BXdh91BmVZ96FyYROMnHS6zjfK7+oDbsVV8XWkZ11DiHa+9wySxQcc4fBd23xGYpo52p2fc=</Modulus><Exponent>AQAB</Exponent></RSAKeyValue></KeyValue></KeyInfo><Object Id="Sitecore.CommerceServer.ProdManagement" xmlns="http://www.w3.org/2000/09/xmldsig#"><module xmlns=""><idref>20200901063000</idref><name>Sitecore.CommerceServer.ProdManagement</name><count>1</count><expiration>20210830T000000</expiration><version>10</version><comment /><licenseagreement>?</licenseagreement></module></Object></Signature></signedlicense>